,2,3,4,5,6,7,8,9,10,11,12,13,14,15,16,17,18,19,20,21,22,23,24,25,26,27,28,29,30,31,32,33,34,35,36,37,38,39,40,41,42,43,44,45,46,47,48,49,50,51
Aino,,,,,,,,,,,,,,,,,,,,,,,,,,,,,,,,,,,,,,,,,,,,,,,,,0.011111111111111112,0.054125263474856966
Albedo,0.02593537414965986,0.03959183673469388,0.006221719457013575,0.0388235294117647,0.03183673469387755,0.01286978802702073,0.009958071278825996,0.003246753246753247,0.04060044893378227,0.0006049606775559589,0.049342105263157895,0.018483709273182956,0.006265664160401002,0.005844155844155844,0.020028248587570623,0.0586038961038961,0.038215488215488216,0.0012531328320802004,0.0012099213551119178,0.035995160314579555,0.05245901639344262,0.026617310065221222,0.0407055630936228,0.01051560379918589,0.0,0.000877963125548727,0.008685446009389673,0.0020928462709284626,0.0028538812785388126,0.0055534987041836355,0.015258215962441314,0.020733061828952237,0.018018018018018018,0.0,0.004347826086956522,0.011741741741741743,0.0031635031635031635,0.004329004329004329,0.0,0.0005737234652897303,0.0,0.0008910273545397843,0.0,0.0019100793417572732,0.0029403902699812884,,,0.0,,
Alhaitham,,,,,,,,0.000974025974025974,0.02255892255892256,0.02238354506957048,0.012740183792815371,0.049081035923141184,0.011278195488721804,0.005032467532467532,0.03587570621468927,0.010714285714285714,0.03703703703703704,0.0018796992481203006,0.008771929824561405,0.031054648114539226,0.04289617486338798,0.010312004230565839,0.009648726066636514,0.05189959294436906,0.018065268065268064,0.004280070237050044,0.014889336016096578,0.010178843226788432,0.008181126331811263,0.01508700481303221,0.01672535211267606,0.00037023324694557573,0.0024065161051462424,0.0,0.002277432712215321,0.00036036036036036037,0.02713952713952714,0.011710511710511712,0.0016059419853457796,0.0014343086632243257,0.0005877167205406994,0.003875968992248062,0.02758777929776562,0.0,0.008152900294039027,0.006408227848101266,0.0,0.0004575611988103409,0.006679151061173533,0.0
Aloy,,,,,,,,,,,,,,,,,,,,,,,,,,,,,,,,,,,,,,0.0,,0.0,,,,,,,,,,
Ambor,,,,,,,,,,,,,,,,,,,,,,,0.0,,,,,0.0,0.011035007610350075,,,0.0,0.0,,,,0.0,,0.0,0.006310958118187033,0.0,0.0,,,0.0016038492381716118,,,,,
Arataki Itto,0.00935374149659864,0.005714285714285714,0.0,0.0,0.0,0.010831586303284416,0.0006988120195667365,0.012987012987012988,0.010942760942760943,0.011796733212341199,0.0,0.0003132832080200501,0.0,0.0012987012987012987,0.0,0.0,0.0,0.0,0.0,0.0,0.0,0.0005288207297726071,0.0,0.0,0.0,0.0013169446883230904,0.00040241448692152917,0.001744038559107052,0.0032343987823439876,0.0,0.000782472613458529,0.0,0.0,0.0,0.0,0.001081081081081081,0.0,0.0,0.0027100271002710027,0.0,0.0005877167205406994,0.0,0.002051983584131327,0.0,0.0,0.0,0.00189873417721519,0.0,0.0,0.0
Arlecchino,,,,,,,,,,,,,,,,,,,,,,,,,,,,,,,,0.0228310502283105,0.08672713809700111,0.0273972602739726,0.04399585921325052,0.02045045045045045,0.07403707403707405,0.017593517593517592,0.09981933152664862,0.030622489959839353,0.03435693995494172,0.0698565445959191,0.07697218422252622,0.04584190420217456,0.032522498440702124,0.010232067510548521,0.03470464135021097,0.018779074201174414,0.029567207657095293,0.00030111412225233364
Baizhu,,,,,,,,,,,,,,0.0042207792207792205,0.06694915254237288,0.07873376623376624,0.019023569023569026,0.04850668337510443,0.01643476507360355,0.028029844726759425,0.025683060109289616,0.020359598096245372,0.04251469923111714,0.025855570631690035,0.022843822843822845,0.05984781972490489,0.06398390342052312,0.02790461694571283,0.016362252663622526,0.015272121436504998,0.014084507042253521,0.020177711958533878,0.025422682956929534,0.009512937595129375,0.017391304347826087,0.020930930930930933,0.008824508824508824,0.030386280386280388,0.010313158687142427,0.013769363166953525,0.012807326868449407,0.018288336451929076,0.012038303693570451,0.06072827896953669,0.0033413525795241913,0.002768987341772152,0.0,0.005643254785327538,0.02309612983770287,0.03116531165311653
Barbara,0.003401360544217687,0.031768707482993194,0.04920814479638009,0.028627450980392155,0.011020408163265306,0.011530398322851153,0.032145352900069875,0.06304112554112554,0.007912457912457913,0.02177858439201452,0.023652882205513783,0.02788220551378446,0.009711779448621553,0.04561688311688312,0.017500000000000005,0.008766233766233766,0.012738496071829404,0.02245196324143692,0.0012099213551119178,0.020568663036902603,0.03907103825136612,0.01850872554204125,0.004522840343735866,0.02193577566711895,0.018803418803418803,0.0,0.005835010060362173,0.007800608828006088,0.014110857432775238,0.0074046649389115145,0.00782472613458529,0.004442798963346909,0.014068863383931877,0.004185692541856925,0.0,0.006126126126126126,0.0021645021645021645,0.0,0.0,0.019554408108624972,0.0,0.005880780539962577,0.004947560419516644,0.0,0.0008019246190858059,0.0023734177215189874,0.012869198312236287,0.005948295584534431,0.003870162297128589,0.010538994278831678
Beidou,0.01020408163265306,0.020408163265306124,0.0007541478129713424,0.0073856209150326806,0.0024489795918367346,0.007221057535522943,0.0034940600978336823,0.010984848484848483,0.01717171717171717,0.0009074410163339384,0.023339598997493733,0.0043859649122807015,0.002506265664160401,0.028084415584415583,0.006365348399246704,0.02418831168831169,0.0033670033670033673,0.04610484544695071,0.0240219802379512,0.0056462996571889496,0.001639344262295082,0.0010576414595452142,0.00508819538670285,0.005879692446856626,0.0018648018648018648,0.0037313432835820895,0.024849094567404428,0.0001902587519025875,0.02200659563673262,6.170554115759595e-05,0.011932707355242567,0.001480932987782303,0.004535357275083303,0.01430111618467783,0.021152518978605934,0.00927927927927928,0.05164280164280165,0.011405261405261406,0.010689551339957843,0.007028112449799196,0.003967087863649721,0.0018711574445335472,0.009712722298221614,0.0019100793417572732,0.0,0.0,,0.001029512697323267,0.0,0.0
Bennett,0.10905612244897958,0.14081632653061224,0.1647812971342383,0.16568627450980392,0.17204081632653062,0.10260889820638247,0.05555555555555555,0.0836038961038961,0.06750841750841752,0.10491026416616253,0.10656850459482038,0.08317669172932331,0.1473997493734336,0.16352813852813852,0.09635593220338984,0.04918831168831169,0.1032547699214366,0.16024436090225563,0.08794615849969753,0.13722524702561,0.1257285974499089,0.04433280451260357,0.05483943916779738,0.039386401326699835,0.03142968142968142,0.07437079309335676,0.043158953722334005,0.09573186199898528,0.1059107052257737,0.11477230655312848,0.07303077725612937,0.09052202887819326,0.1286560533135876,0.0719812278031456,0.15997239475500347,0.12306306306306307,0.08319458319458319,0.06721056721056722,0.07598113018167219,0.12205966724039012,0.07762758350475073,0.041054085360420565,0.018353853169174646,0.11592712312665296,0.05929787044462265,0.08571993670886076,0.03670886075949367,0.0472431937771677,0.16071577195172698,0.03103984743551139
Candace,,,,,,,,,,,,,,,,,,,,,,,0.0,0.0,,,0.0,0.0,0.0,0.0,,,0.0,,,,,,0.0,0.0,,,,,,,0.0,0.0,,
Charlotte,,,,,,,,,,,,,,,,,,,,,,,,0.0,0.0,0.0,0.01448692152917505,0.012113140537798071,0.014427955352612884,0.0,0.0,0.0,0.0019437245464642727,0.0,0.00041407867494824016,0.0,0.0,0.001332001332001332,0.002559470039144836,0.0008605851979345954,0.0038936232735821336,0.0,0.0,0.0017631501616220983,0.002673082063619353,0.007436708860759493,0.012895569620253166,0.012514298787462822,0.011048689138576779,0.0027100271002710027
Chasca,,,,,,,,,,,,,,,,,,,,,,,,,,,,,,,,,,,,,,,,0.10723847772040541,0.02091291997257322,0.022810300276218477,0.009644322845417237,0.048217259281026555,0.01866702307760848,0.004272151898734177,0.044382911392405064,0.0036604895904827272,0.004993757802746567,0.015507377295995182
Chevreuse,,,,,,,,,,,,,,,,,,,,,,,,,,,0.002716297786720322,0.002663622526636225,0.0024733637747336376,0.0,0.002347417840375587,0.029063309885227696,0.036375416512402815,0.0017123287671232876,0.0014492753623188406,0.0,0.0024975024975024975,0.0011655011655011655,0.000903342366757001,0.007171543316121629,0.0021304731119600353,0.01603849238171612,0.006657546739626083,0.016749926535409933,0.03991802548338234,0.05172732067510548,0.034968354430379746,0.017825821703652864,0.018664169787765292,0.00707618187292984
Chiori,,,,,,,,,,,,,,,,,,,,,,,,,,,,,,0.003980007404664939,0.04160146061554512,0.03362951993088979,0.006479081821547575,0.008181126331811263,0.005383022774327122,0.01972972972972973,0.008769008769008768,0.03356365856365857,0.013550135501355014,0.005067890610059285,0.019835439318248604,0.010759155306067896,0.020588235294117647,0.02313399941228328,0.01920163949033235,0.0033491561181434597,0.004113924050632912,0.00011439029970258523,0.0,0.00030111412225233364
Chongyun,0.00935374149659864,0.004897959183673469,0.00980392156862745,0.007058823529411764,,0.0,0.0,0.0,0.0,0.0,0.0037593984962406013,0.011121553884711779,,,0.0,0.0,0.0,0.0,0.0,,0.0,0.0,0.0067842605156037995,,,0.0,0.008014755197853789,0.000380517503805175,0.003932014205986808,0.008607922991484636,0.0029342723004694834,0.0020362828582006663,,0.0,,,,,,,0.0009550396708786365,0.0040541744631560185,0.0,0.0036242531100009797,0.0,0.0022151898734177216,0.0014240506329113924,0.01727293525509037,0.0014981273408239699,
Citlali,,,,,,,,,,,,,,,,,,,,,,,,,,,,,,,,,,,,,,,,,0.07850915858556173,0.10699010959636461,0.08230734154126766,0.11645117053580174,0.09885948498618907,0.13454641350210972,0.15046149789029536,0.12695416761991912,0.0638368705784436,0.013198835692060623
Clorinde,,,,,,,,,,,,,,,,,,,,,,,,,,,,,,,,,,0.007039573820395738,0.0391304347826087,0.004144144144144144,0.0395992895992896,0.006743256743256743,0.009485094850948509,0.005522088353413654,0.021329219316289554,0.021340105141227837,0.018057455540355677,0.031540797335684205,0.011717009712198164,0.004509493670886076,0.002056962025316456,0.0031266681918706626,0.0033707865168539327,0.0026347485697079194
Collei,0.0017006802721088435,0.0016326530612244899,0.009426847662141781,0.023137254901960783,0.013469387755102041,0.027370137433030513,0.01583973911017936,0.02288961038961039,0.04500561167227834,0.03841500302480339,0.049707602339181284,0.07304720133667501,0.022243107769423558,0.007413419913419913,0.004661016949152543,0.007142857142857143,0.006060606060606061,0.007048872180451127,0.0036297640653357535,0.015678564226658604,0.001092896174863388,0.0026441036488630354,0.07507914970601538,0.0013568521031207597,0.0013597513597513598,0.009145449224465906,0.014587525150905433,0.0410958904109589,0.0334855403348554,0.0,0.001564945226917058,0.012680488707885969,0.0,0.004375951293759513,,0.005135135135135136,0.0,,0.0,0.00028686173264486515,0.0,0.0,0.0,0.0,0.003875968992248062,,,,0.0,0.01964769647696477
Cyno,0.003613945578231292,0.014013605442176872,0.0,0.0,0.024285714285714285,0.0,0.0,0.0022727272727272726,0.0,0.001663641863278887,0.010964912280701754,0.00866750208855472,0.0,0.0035714285714285713,0.005649717514124294,0.01038961038961039,0.0006734006734006734,0.0043859649122807015,0.014367816091954025,0.0018148820326678767,0.009836065573770491,0.004230565838180857,0.0018091361374943465,0.010101010101010102,0.0044289044289044285,0.014083991805677496,0.005231388329979879,0.016869609335362756,0.004185692541856925,0.00897815623843021,0.017801251956181534,0.018511662347278787,0.0,0.02330669710806697,0.008281573498964804,0.0,0.007492507492507492,0.004107004107004107,0.001806684733514002,0.0018646012621916235,0.001028504260946224,0.0005346164127238706,0.005859553123575011,0.0005877167205406994,0.0020493629154415037,0.0,0.0,0.003164798291771525,0.0037037037037037034,0.0
Dahlia,,,,,,,,,,,,,,,,,,,,,,,,,,,,,,,,,,,,,,,,,,,,,,,0.00031645569620253165,0.0,0.0007490636704119849,0.0
Dehya,,,,,,,,,,,0.0,0.0,0.007832080200501253,0.0,0.015536723163841809,0.0,0.0,0.0012531328320802004,0.01648517846339988,0.002621496269409155,0.011748633879781421,0.0,0.005879692446856626,0.005427408412483039,0.0034965034965034965,0.00877963125548727,0.0096579476861167,0.015125570776255707,0.008181126331811263,0.012402813772676788,0.015258215962441314,0.011662347278785635,0.010644205849685302,0.0091324200913242,0.0064527260179434096,0.032582582582582585,0.02813852813852814,0.020618270618270616,0.019446953728796547,0.02464620386307133,0.010750318346556959,0.001537022186581128,0.0018923848609211124,0.010309530806151435,0.010937360776975852,0.012130801687763714,0.026160337552742614,0.008350491878288721,0.0,0.0030111412225233363
Diluc,0.0,0.0035374149659863946,0.020739064856711915,0.005490196078431373,0.011088435374149662,0.002795248078266946,0.0034940600978336823,0.000974025974025974,0.006734006734006735,0.0,0.0,0.0,0.013784461152882205,0.003896103896103896,0.007391713747645951,0.0011363636363636363,0.030303030303030304,0.008771929824561403,0.0012099213551119178,0.0,0.0,0.0,0.0,0.0047489823609226595,0.0,0.001975417032484636,0.0016096579476861167,0.0,0.0,0.0,0.0,0.001480932987782303,0.003671479698876959,0.0,,0.005585585585585586,0.0,0.008075258075258076,0.000903342366757001,0.0,0.0,0.0005346164127238706,0.0019151846785225718,0.002938583602703497,0.009823576583801123,0.021518987341772152,0.0014240506329113924,0.0,0.0,
Diona,0.08907312925170068,0.031088435374149664,0.02928607340372046,0.027450980392156862,0.036326530612244896,0.03266946191474493,0.04326811087817377,0.03073593073593073,0.022615039281705947,0.019963702359346643,0.03869047619047619,0.05075187969924812,0.06004594820384294,0.027678571428571427,0.012711864406779662,0.006168831168831169,0.017508417508417508,0.014724310776942355,0.030147207098205283,0.014519056261343014,0.000546448087431694,0.0031729243786356425,0.010854816824966078,0.005352027740087441,0.013986013986013986,0.0,0.007578806170355467,0.0043125317097919835,0.0051686960933536264,0.0020362828582006663,0.0017605633802816902,0.0,0.008515364679748241,0.004185692541856925,0.0,0.0,0.011377511377511376,0.0033855033855033855,0.0,0.013004398546567219,0.0008815750808110492,0.0037423148890670943,0.0024623803009575923,0.002938583602703497,0.01643945469125902,0.0,0.000949367088607595,0.005833905284831847,0.0,0.000903342366757001
Dori,,0.0008163265306122449,0.0,0.0,0.0012244897959183673,0.0,0.0,0.0,0.0,0.0024198427102238356,0.0,0.0,0.0,0.0,0.0,,,,0.0,,0.0,0.0014542570068746695,0.0,0.0018091361374943465,0.012354312354312355,0.011962247585601405,0.0,0.0,0.0,0.0017894606935702825,0.0,0.0,0.0,,0.0,0.0,0.0,,0.0,0.0007171543316121629,0.0014692918013517486,0.0,0.0,,,,,0.0,0.0,0.0
Emilie,,,,,,,,,,,,,,,,,,,,,,,,,,,,,,,,,,,,0.03666666666666667,0.005661005661005661,0.005328005328005328,0.004516711833785004,0.007936507936507936,0.0024977960622979724,0.012452107279693486,0.013907888736890103,0.0008815750808110492,0.0037423148890670943,0.0012658227848101266,0.002531645569620253,0.005547929535575384,0.00043695380774032457,0.003462812405901837
Escoffier,,,,,,,,,,,,,,,,,,,,,,,,,,,,,,,,,,,,,,,,,,,,,0.03515102913659449,0.06297468354430379,0.02613396624472574,0.024651109585907115,0.0430087390761548,0.04029910669477065
Eula,0.008078231292517007,0.0463265306122449,0.004524886877828055,0.0196078431372549,0.0036734693877551023,0.001397624039133473,0.00890985324947589,0.005844155844155844,0.02962962962962963,0.0,0.01770050125313283,0.0006265664160401002,0.008615288220551378,0.0,0.00692090395480226,0.014285714285714285,0.0026936026936026937,0.006265664160401002,0.01572897761645493,0.0018148820326678767,0.001092896174863388,0.013352723426758329,0.0065581184984170055,0.006256595808834615,0.02703962703962704,0.007901668129938543,0.0077129443326626424,0.014269406392694063,0.002663622526636225,0.01737010983586326,0.027093114241001564,0.011014439096630878,0.001295816364309515,0.0015220700152207,0.00041407867494824016,0.0018018018018018018,0.025724275724275724,0.005827505827505828,0.01987353206865402,0.0,0.004407875404055246,0.006816359262229351,0.013543091655266756,0.009403467528651191,0.0037423148890670943,0.0,0.0,0.0,0.0,0.001806684733514002
Faruzan,,,,,,0.009958071278825996,0.013918006056370837,0.03403679653679654,0.0,0.006352087114337568,0.0012531328320802004,0.0006265664160401002,0.010808270676691729,0.0,0.021892655367231638,0.009415584415584415,0.0053872053872053875,0.008145363408521303,0.012099213551119179,0.03145795523290986,0.005737704918032787,0.02141723955579059,0.009497964721845319,0.010364842454394695,0.009634809634809633,0.016864208369915132,0.016867873910127434,0.00228310502283105,0.001141552511415525,0.015920029618659758,0.0,0.0049364432926076755,0.015364679748241393,0.012398528665651951,0.01680469289164941,0.012252252252252252,0.000999000999000999,0.0038295038295038295,0.0004516711833785005,0.0028686173264486515,0.0011754334410813989,0.006972289049273813,0.0008207934336525308,0.0008815750808110492,0.0017375033413525795,0.005010548523206751,0.016350210970464133,0.006749027682452528,0.00024968789013732833,0.008732309545317675
Fischl,0.014455782312925169,0.024285714285714285,0.051093514328808445,0.03392156862745098,0.020816326530612245,0.008385744234800839,0.013335662706731888,0.021320346320346316,0.010774410774410775,0.010738052026618271,0.006892230576441102,0.011904761904761904,0.022713032581453633,0.03484848484848485,0.0030461393596986817,0.017694805194805194,0.025364758698092037,0.013157894736842105,0.028281911675741074,0.029189352692075017,0.015027322404371584,0.04424466772430812,0.0675410824664556,0.036107342077491326,0.016317016317016316,0.025899912203687446,0.008081824279007378,0.06468797564687975,0.015442668696093351,0.08336418610391214,0.04424230568596766,0.010767616932000495,0.008145131432802665,0.04642313546423135,0.029641131815044856,0.03663663663663663,0.004162504162504162,0.005910755910755911,0.009409816320385426,0.004231210556511761,0.03457733372514449,0.021340105141227833,0.02045143638850889,0.012929767851895388,0.008954824913124833,0.0022943037974683545,0.01160337552742616,0.009799435674521467,0.019392426133999167,0.004667268894911172
Flins,,,,,,,,,,,,,,,,,,,,,,,,,,,,,,,,,,,,,,,,,,,,,,,,,,0.05181672187092241
Freminet,,,,,,,,,,,,,,,,,,,,,,,,,,,,,,,,,,,,,,,,,0.0,0.00040096230954290296,,,0.0,0.0,,,,
Furina,,,,,,,,,,,,,,,,,,,,,,,,0.1116764661540781,0.0940947940947941,0.02118086040386304,0.012474849094567404,0.04889649923896499,0.02910958904109589,0.05553498704183636,0.05516431924882629,0.10261631494508208,0.0960755275823769,0.1157724505327245,0.11611456176673568,0.084984984984985,0.07184482184482184,0.08116883116883117,0.10503864297902238,0.09832185886402753,0.02857772553629151,0.09157533636282635,0.09240766073871409,0.05984915270839457,0.16539695268644747,0.12361550632911393,0.10290084388185655,0.23577747273697858,0.15982105701206825,0.08519020375388939
Gaming,,,,,,,,,,,,,,,,,,,,,,,,,,,,0.0,0.0,0.0,0.0029342723004694834,0.00037023324694557573,0.013066148340120943,0.0,0.0,0.008648648648648649,0.005161505161505162,0.0031635031635031635,0.008079895613770953,0.0,0.005289450484866295,0.0037423148890670943,0.00027359781121751026,0.0021304731119600353,0.0005346164127238706,0.0,0.00379746835443038,0.0,0.0,
Ganyu,0.017006802721088433,0.02816326530612245,0.042609351432880846,0.011437908496732025,0.036734693877551024,0.011180992313067784,0.03133007221057534,0.02164502164502164,0.026992143658810325,0.033928211332930024,0.011904761904761904,0.015664160401002505,0.011591478696741854,0.00487012987012987,0.0062146892655367235,0.0006493506493506494,0.008754208754208754,0.011278195488721804,0.04814478725549507,0.00544464609800363,0.009699453551912568,0.004318702626476291,0.0013568521031207597,0.003618272274988693,0.003108003108003108,0.0030728709394205445,0.0012072434607645875,0.004280821917808219,0.005707762557077625,0.00259163272861903,0.007433489827856025,0.008422806368011848,0.0011106997408367272,0.0006659056316590563,0.02712215320910973,0.002882882882882883,0.003663003663003663,0.000666000666000666,0.005068754391247616,0.0014343086632243257,0.0,0.0025394279604383854,0.0,0.0008815750808110492,0.005435266862692684,0.0006329113924050633,0.011787974683544304,0.0016472203157172273,0.0007490636704119849,0.006825253437719562
Gorou,0.00510204081632653,0.0012244897959183673,0.0,0.0,0.0,0.0,0.0006988120195667365,0.002922077922077922,0.0030303030303030303,0.014821536600120993,0.0012531328320802004,0.0015664160401002505,0.0,0.0,0.0,0.0012987012987012987,0.0,0.03508771929824561,0.034482758620689655,0.034482758620689655,0.0015027322404371586,0.0,0.002261420171867933,0.0009045680687471732,0.006060606060606061,0.014779045946736905,0.004426559356136821,0.00076103500761035,0.0,0.005368382080710848,0.0,0.00037023324694557573,0.0037023324694557573,0.014649923896499238,0.032401656314699795,0.0007207207207207207,0.0,0.002997002997002997,0.0007527853056308341,0.007434499904379422,0.0,0.0,0.0005471956224350205,0.006171025565677344,0.0,0.0,0.00031645569620253165,0.0013726835964310226,0.0017478152309612983,0.007226738934056008
Hu Tao,0.041737528344671204,0.013061224489795919,0.014328808446455506,0.001568627450980392,0.0032653061224489797,0.035290006988120196,0.018343815513626835,0.013203463203463205,0.007070707070707071,0.008368622706190765,0.059471595655806175,0.02401837928153717,0.0,0.0016233766233766235,0.03493408662900188,0.013636363636363636,0.015151515151515152,0.000835421888053467,0.0006049606775559589,0.015124016938898973,0.0049180327868852455,0.0026441036488630354,0.0,0.0018091361374943465,0.005827505827505828,0.003950834064969272,0.006237424547283702,0.002663622526636225,0.0060882800608828,0.003146982599037394,0.0,0.0007404664938911515,0.005923731951129212,0.0015220700152207,0.0033126293995859213,0.003153153153153153,0.021256521256521256,0.0,0.0,0.0,0.002057008521892448,0.005747126436781609,0.007934336525307797,0.009942207855813498,0.01590483827853515,0.009177215189873418,0.004113924050632912,0.00022878059940517045,0.0,0.008933052293485899
Iansan,,,,,,,,,,,,,,,,,,,,,,,,,,,,,,,,,,,,,,,,,,,,0.001028504260946224,0.005279337075648222,0.006513713080168777,0.014082278481012659,0.008922443376801648,0.004619225967540575,0.004215597711532671
Ifa,,,,,,,,,,,,,,,,,,,,,,,,,,,,,,,,,,,,,,,,,,,,,0.0,,,0.0,0.004078235538909697,
Ineffa,,,,,,,,,,,,,,,,,,,,,,,,,,,,,,,,,,,,,,,,,,,,,,,,0.03777548997178373,0.09340407823553891,0.07337147445548531
Jean,0.007653061224489796,0.018775510204081632,0.012066365007541479,0.011372549019607842,0.027414965986394556,0.01519916142557652,0.03459119496855346,0.01893939393939394,0.006060606060606061,0.01164549304295221,0.008145363408521303,0.03367794486215539,0.045739348370927316,0.02094155844155844,0.04364406779661017,0.0336038961038961,0.02457912457912458,0.008145363408521303,0.018955434563420047,0.018300060496067756,0.006147540983606557,0.03256654327516305,0.034109754259008,0.003618272274988693,0.002797202797202797,0.015803336259877086,0.0158953722334004,0.011796042617960426,0.0016171993911719938,0.013698630136986302,0.03273343766301513,0.0027767493520918177,0.0,0.002378234398782344,0.019530710835058664,0.02843843843843844,0.00863025863025863,0.015401265401265402,0.022307537890193716,0.0004302925989672977,0.007493388186893918,0.00400962309542903,0.010601915184678522,0.0034038593397982173,0.002673082063619353,0.00602584388185654,0.00189873417721519,0.0019065049950430873,0.0010819808572617561,0.003462812405901837
Kachina,,,,,,,,,,,,,,,,,,,,,,,,,,,,,,,,,,,,,0.005328005328005328,0.012570762570762568,0.0,0.001721170395869191,0.012782838671760213,0.0012028869286287089,0.002462380300957592,0.0017631501616220983,0.0029403902699812884,0.0,0.0,0.004804392587508579,,
Kaedehara Kazuha,0.07312925170068027,0.0024489795918367346,0.018602312719959782,0.032745098039215687,0.0489795918367347,0.11600279524807826,0.09754251106452362,0.06161255411255412,0.12121212121212122,0.12552934059286147,0.04918546365914787,0.03654970760233918,0.10150375939849623,0.07337662337662337,0.051883239171374766,0.137012987012987,0.18041526374859707,0.07205513784461152,0.08671103044968745,0.03206291591046582,0.08306010928961749,0.0745637228979376,0.09030604552992613,0.07304387155133424,0.060023310023310024,0.0660667251975417,0.07904091213950368,0.05387493658041603,0.07312278031456113,0.057632975441194625,0.05852243088158582,0.06312476860422066,0.06516105146242132,0.089167935058346,0.07446514837819185,0.039939939939939946,0.04420579420579421,0.12291874791874792,0.06338452273411622,0.08476764199655763,0.06842002154961309,0.09930499866345896,0.05911992704058368,0.04238906846899795,0.047937271674240396,0.06719409282700421,0.018011603375527426,0.026233508731792875,0.011548064918851436,0.04132791327913278
Kaeya,0.0,0.03183673469387755,0.00904977375565611,0.014117647058823528,0.0,0.0,0.0,0.0025974025974025974,0.0,0.0,0.0043859649122807015,0.008928571428571428,0.0,0.0,0.0014124293785310734,0.0,0.0,0.0043859649122807015,0.004234724742891712,0.0036297640653357535,0.0,0.01855279393618896,0.002261420171867933,0.0,0.0,0.007243195785776997,0.018879946344735075,0.006468797564687975,0.001902587519025875,0.008391953597433048,0.010041731872717787,0.004072565716401333,0.0,0.0,0.0,0.00831831831831832,0.00333000333000333,0.0,0.0,0.01061388410786001,0.017558037026153394,0.014434643143544507,0.0,0.0,0.0009355787222667736,0.006777426160337552,0.004113924050632912,0.019751391748646385,0.0,
Kamisato Ayaka,0.00935374149659864,0.04394557823129251,0.0471342383107089,0.04784313725490196,0.0016326530612244899,0.011879804332634521,0.0034940600978336823,0.02012987012987013,0.0047979797979797985,0.0030248033877797948,0.019110275689223057,0.02631578947368421,0.0006265664160401002,0.012012987012987014,0.0005649717514124294,0.0042207792207792205,0.006734006734006735,0.0012531328320802004,0.0060496067755595895,0.0024198427102238356,0.01051912568306011,0.015159527586814736,0.006331976481230212,0.0018091361374943465,0.015229215229215231,0.006365232660228271,0.002816901408450704,0.016615930999492642,0.007420091324200913,0.00259163272861903,0.015584246218049037,0.01770949031223004,0.0008330248056275454,0.003995433789954338,0.009523809523809523,0.023003003003003005,0.00999000999000999,0.010822510822510822,0.005118940078289672,0.0,0.002057008521892448,0.0,0.0,0.006268978352434127,0.002227568386349461,0.014082278481012659,0.005893987341772152,0.0013726835964310226,0.0004993757802746567,0.0022081702298504466
Kamisato Ayato,0.013180272108843536,0.004897959183673469,0.004147812971342383,0.016274509803921568,0.015102040816326531,0.002795248078266946,0.013277428371767994,0.02575757575757576,0.03204264870931538,0.02334139947570075,0.006892230576441102,0.026785714285714284,0.025271512113617372,0.04099025974025974,0.023870056497175142,0.06883116883116883,0.04921436588103255,0.009398496240601503,0.022686025408348458,0.019762048800161323,0.03114754098360656,0.0014542570068746695,0.001582994120307553,0.0018091361374943465,0.010722610722610722,0.007023705004389816,0.0018443997317236752,0.007229832572298325,0.011035007610350075,0.004165124028137727,0.005575117370892019,0.004442798963346909,0.0,0.00228310502283105,0.003140096618357488,0.018018018018018018,0.005328005328005328,0.004245754245754246,0.003964669276322393,0.0004302925989672977,0.009476932118718778,0.0008019246190858059,0.0019151846785225718,0.0008815750808110492,0.0010692328254477412,0.00189873417721519,0.005617088607594937,0.0029741477922672157,0.006679151061173533,0.0012044564890093346
Kaveh,,,,,,,,,,,,,,0.007792207792207792,0.015395480225988701,0.000974025974025974,0.0,0.029030910609857973,0.010133091349062312,0.0018148820326678767,0.0,0.005420412480169222,0.008141112618724558,0.008593396653098146,0.012587412587412587,0.010623353819139597,0.009456740442655936,0.01950152207001522,0.015347539320142057,0.0011106997408367272,0.003912363067292645,0.0,0.0,0.0030441400304414,0.0,0.0,0.0,0.0,0.00707618187292984,0.0,,0.0013365410318096765,0.0,,,,,0.0,0.001290054099042863,0.002258355916892502
Keqing,0.005314625850340136,0.010612244897959184,0.023755656108597287,0.012549019607843137,0.02,0.0,0.010831586303284416,0.0012987012987012987,0.0,0.0036297640653357535,0.0018796992481203006,0.005325814536340852,0.007832080200501253,0.013798701298701298,0.026977401129943505,0.003896103896103896,0.0033670033670033673,0.006892230576441102,0.01628352490421456,0.01703972575115951,0.022540983606557378,0.011898466419883659,0.003618272274988693,0.0,0.009013209013209013,0.014925373134328358,0.002012072434607646,0.009798325722983257,0.004375951293759513,0.005090707145501666,0.0,0.0,0.0011106997408367272,0.0017757483510908165,0.0,0.0025225225225225228,0.001665001665001665,0.0,0.0006022282445046673,0.002294893861158921,0.016235674404936822,0.0022943954379399446,0.012243502051983584,0.010823782936624546,0.0016038492381716118,0.0,0.0,0.0011057728971249905,0.0,0.0
Kinich,,,,,,,,,,,,,,,,,,,,,,,,,,,,,,,,,,,,,,0.01035076035076035,0.001279735019572418,0.016805316504111684,0.0275002448819669,0.005346164127238706,0.0025991792065663474,0.0017631501616220983,0.01169473402833467,0.008544303797468355,0.00379746835443038,0.010905208571646457,0.020703287557220142,0.016636555254441434
Kirara,,,,,,,,,,,,,,,0.010451977401129945,0.006168831168831169,0.006734006734006735,0.006735588972431077,0.022509578544061305,0.028987699132889698,0.009380692167577413,0.016129032258064516,0.016659128599427107,0.0067842605156037995,0.0004662004662004662,0.023156277436347673,0.019785378940308518,0.0060882800608828,0.0020294266869609334,0.003116129828458596,0.002575639019300991,0.006664198445020363,0.002838454893249414,0.0028538812785388126,0.018978605935127676,0.0023423423423423423,0.011766011766011766,0.020174270174270172,0.001806684733514002,0.004948364888123924,0.01028504260946224,0.003074044373162256,0.002051983584131327,0.003967087863649721,0.013142653479461818,,,0.011725005719514986,0.0,0.00030111412225233364
Klee,0.005952380952380952,0.0,0.0015082956259426848,0.0,0.0,0.0020964360587002098,0.0,0.0,0.00202020202020202,0.0,0.0,0.0,0.0,0.0012987012987012987,0.0,0.0,0.016778900112233444,0.0,0.01782113329300262,0.002016535591853196,0.004371584699453552,0.0021152829190904283,0.0,0.0,0.0009324009324009324,0.0,0.0,0.001902587519025875,0.0,0.008762186844378624,0.0,0.0019437245464642727,0.006108848574602,0.0,0.004140786749482402,0.01756756756756757,0.0,0.005244755244755245,0.012847535882766235,0.005378657487091222,0.007566852776961505,0.00017820547090795685,0.0035567715458276333,0.0026447252424331475,0.0018711574445335472,0.00814873417721519,0.0,0.0036223594905818654,0.0032459425717852684,0.0
Kujou Sara,0.011054421768707483,0.018163265306122448,0.0030165912518853697,0.00457516339869281,0.0032653061224489797,0.006289308176100628,0.005590496156533892,0.005844155844155844,0.00202020202020202,0.007108287961282518,0.0,0.005639097744360902,0.02474937343358396,0.03538961038961039,0.003672316384180791,0.014935064935064935,0.0033670033670033673,0.0210421888053467,0.012477313974591652,0.004234724742891712,0.0,0.0,0.0,0.0,0.0,0.001755926251097454,0.0029175050301810863,0.0005707762557077625,0.00532724505327245,0.008577070220905838,0.0019561815336463224,0.0035480686165617675,0.0,0.011510654490106544,0.0014492753623188406,0.0046846846846846845,0.005744255744255744,0.00616050616050616,0.0026598414132289467,0.011354943583859245,0.00046527573709472035,0.0,0.009917920656634747,0.0005877167205406994,0.010558674151296445,0.0006329113924050633,0.0006329113924050633,0.008186532448715016,0.0034332084893882644,0.0
Kuki Shinobu,0.021258503401360544,0.0016326530612244899,0.0,0.0,0.006530612244897959,0.03336827393431167,0.009084556254367574,0.001515151515151515,0.015235690235690236,0.03901996370235935,0.022243107769423558,0.019110275689223057,0.009398496240601503,0.015909090909090907,0.02288135593220339,0.04172077922077922,0.04904601571268238,0.03211152882205513,0.035692679975801576,0.024097600322645695,0.020491803278688523,0.027410541159880134,0.020239710538218002,0.02404643449419569,0.0519036519036519,0.004389815627743635,0.011099932930918845,0.017313546423135463,0.03443683409436834,0.018449956806121187,0.023571987480438185,0.027613229668024188,0.08320992225101814,0.03373921867072551,0.009627329192546583,0.015765765765765764,0.0337995337995338,0.02056277056277056,0.018518518518518517,0.004589787722317842,0.001028504260946224,0.026508063797558584,0.0014819881440948472,0.027720638652169654,0.0063485699010959636,0.024841772151898735,0.000949367088607595,0.00743536948066804,0.04633791094465251,0.02694971394158386
Lan Yan,,,,,,,,,,,,,,,,,,,,,,,,,,,,,,,,,,,,,,,,,,0.0,0.0,0.0,0.00400962309542903,0.0007120253164556962,0.011260548523206753,0.0024021962937542897,0.003995006242197253,0.00662451068955134
Lauma,,,,,,,,,,,,,,,,,,,,,,,,,,,,,,,,,,,,,,,,,,,,,,,,,0.005243445692883895,0.049156880457693466
Layla,,,,0.0,0.013945578231292517,0.017120894479385043,0.014500349406009782,0.009329004329004329,0.0016835016835016836,0.018098406936882437,0.022817460317460316,0.010964912280701754,0.010181704260651629,0.02792207792207792,0.007203389830508475,0.021915584415584416,0.008754208754208754,0.006265664160401002,0.023543053034886068,0.0006049606775559589,0.007650273224043716,0.017715494447382338,0.037238052163425295,0.046019900497512436,0.014335664335664336,0.009657594381035996,0.013246143527833671,0.006468797564687975,0.010273972602739725,0.013050721954831545,0.03821074595722483,0.007960014809329879,0.002684191040355424,0.0091324200913242,0.012008281573498964,0.006396396396396396,0.006465756465756465,0.00308025308025308,0.010865201244605037,0.011689615605278255,0.018219218336761683,0.01715227657489085,0.0022799817601459184,0.027622685865412874,0.0008019246190858059,0.024287974683544305,0.06988396624472575,0.0075497597803706245,0.006325426550145652,0.0012044564890093346
Lisa,0.0,0.0024489795918367346,0.007541478129713424,,,,,,0.0013468013468013469,0.013611615245009076,,,0.0,,,,,,,,,,0.0,0.0,,,,,,0.0,,,,,,,,,,,,,0.002325581395348837,,,,,0.0,,
Lynette,,,,,,,,,,,,,,,,,,,,0.02298850574712644,0.040437158469945354,0.007932310946589107,0.015603799185888738,0.0,0.008158508158508158,0.0,0.005399061032863849,0.001141552511415525,0.0024733637747336376,0.012989016413673947,0.00736828377673448,0.015734912995186968,0.017215845982969272,0.001902587519025875,0.0,0.0,0.001332001332001332,0.0,0.01016260162601626,0.0,0.0023508668821627977,0.0027621847990733314,0.0,0.00484866294446077,0.002673082063619353,0.0015822784810126582,,0.003088538091969801,0.0,
Lyney,,,,,,,,,,,,,,,,,,,,0.0006049606775559589,0.002185792349726776,0.008461131676361713,0.0009045680687471732,0.0067842605156037995,0.0009324009324009324,0.0013169446883230904,0.003252850435949027,0.008688483003551496,0.00076103500761035,0.001480932987782303,0.007237871674491393,0.0007404664938911515,0.0055534987041836355,0.011605783866057838,0.015838509316770187,0.011891891891891892,0.0,0.006993006993006993,0.003914483589280337,0.022542551157008987,0.0031589773729062596,0.011226944667201283,0.013543091655266758,0.01116661769027329,0.005769402120645103,0.0016350210970464134,0.021202531645569622,0.0021352855944482573,0.0002496878901373283,0.0102880658436214
Mavuika,,,,,,,,,,,,,,,,,,,,,,,,,,,,,,,,,,,,,,,,,0.04571946321872857,0.09698832754165553,0.08958048335613315,0.06371094132628073,0.08368974427514925,0.10094936708860759,0.09224683544303798,0.04905437352245863,0.045755305867665415,0.024114222623707722
Mika,,,,,,,,,,,,,,,,,,0.0,0.0024198427102238356,0.018350473885864086,0.024954462659380693,0.011766261237440508,0.005427408412483039,0.0004522840343735866,0.029254079254079253,0.0004389815627743635,0.0012072434607645875,0.001902587519025875,0.01921613394216134,0.004813032210292485,0.006651017214397497,0.0033320992225101815,0.016105146242132544,0.0177257737189244,0.009937888198757764,0.02027027027027027,0.001665001665001665,0.002580752580752581,0.007151460403492924,0.007099827882960413,0.003232441962973847,0.0016038492381716118,0.0,0.0005877167205406994,0.0010692328254477412,0.0,0.0,0.0,0.005930087390761548,0.0
Mona,0.011904761904761904,0.0069387755102040816,0.0222473604826546,0.05058823529411764,0.0032653061224489797,0.07273468436990449,0.052236198462613556,0.03344155844155844,0.00404040404040404,0.0,0.0043859649122807015,0.011278195488721804,0.003916040100250626,0.023214285714285715,0.004519774011299435,0.00698051948051948,0.008249158249158249,0.02600250626566416,0.04123815285339786,0.052530752167775766,0.02586520947176685,0.04041071743345673,0.030793004673601687,0.015754560530679935,0.0009324009324009324,0.004828797190517998,0.004024144869215292,0.014713343480466766,0.00684931506849315,0.0259163272861903,0.004499217527386541,0.025762063433296314,0.020918178452425027,0.022640791476407914,0.004140786749482402,0.0090990990990991,0.010656010656010656,0.00666000666000666,0.014478570711633044,0.005593803786574871,0.005901655402096191,0.003475006682705159,0.015937072503419972,0.01542756391419336,0.0009355787222667736,0.0017932489451476792,0.009889240506329115,0.004880652787310303,0.003745318352059925,0.015356820234869013
Mualani,,,,,,,,,,,,,,,,,,,,,,,,,,,,,,,,,,,,,0.01948051948051948,0.00690975690975691,0.004215597711532671,0.002008032128514056,0.00573023802527182,0.007083667468591286,0.011377108983128135,0.014986776373787836,0.004410585404971933,0.0006329113924050633,0.0,0.017292000305040803,0.00012484394506866417,0.001656127672387835
Nahida,,,0.05467571644042232,0.06980392156862744,0.04,0.08420684835779176,0.11128581411600279,0.08647186147186146,0.14983164983164984,0.12326073805202663,0.08568295739348371,0.05012531328320802,0.05639097744360902,0.04415584415584416,0.07401129943502825,0.008766233766233766,0.00808080808080808,0.04344193817878028,0.07211635410364993,0.09366807824158098,0.06297814207650274,0.0817468711440155,0.05646012362430273,0.056384742951907124,0.06655011655011656,0.04854038630377524,0.06807511737089202,0.06804921359715879,0.05671296296296296,0.048901641367394784,0.07355242566510173,0.06479081821547575,0.05451684561273602,0.032058599695586,0.07156659765355416,0.06414414414414414,0.032134532134532136,0.023448773448773445,0.07141423266084512,0.02314017976668579,0.01736213145263983,0.03878196560634411,0.04183766529867761,0.03785875208149672,0.029604383854584335,0.02866561181434599,0.03156645569620253,0.0642873484328529,0.07596754057428215,0.09117484693365452
Navia,,,,,,,,,,,,,,,,,,,,,,,,,,0.038410886742756806,0.15516431924882632,0.04864282090309487,0.06922247590055808,0.0806491422929779,0.02200704225352113,0.010798469702579293,0.01234110823151919,0.011700913242009132,0.03146997929606625,0.007477477477477477,0.03463203463203463,0.09726384726384726,0.03518016661648098,0.012478485370051634,0.007566852776961505,0.00942261427425822,0.00027359781121751026,0.01057890096973259,0.0024057738572574178,0.004272151898734177,0.0015822784810126582,0.0014184397163120568,0.005867665418227216,0.001806684733514002
Neuvillette,,,,,,,,,,,,,,,,,,,,,,0.05865503261061166,0.13998190863862506,0.08551937283280567,0.06025641025641026,0.10034386889083992,0.07451374916163649,0.07134703196347031,0.06072425164890918,0.09073799827224484,0.06990088680229527,0.07083796124892015,0.08490682463285203,0.07248858447488585,0.06038647342995168,0.08738738738738738,0.09243534243534245,0.04312354312354312,0.04499146843320285,0.07604226429527633,0.11100499559212461,0.03702218658112804,0.09958960328317373,0.030389852091292,0.0719059075113606,0.06044303797468355,0.04266877637130801,0.038206360100663465,0.008905534748231378,0.037287965472247324
Nilou,,0.015102040816326531,0.0011312217194570137,0.011764705882352941,0.0038775510204081634,0.013277428371767994,0.0,0.008116883116883116,0.0,0.0,0.0037593984962406013,0.002819548872180451,0.002819548872180451,0.001948051948051948,0.0016949152542372883,0.026623376623376622,0.018350168350168353,0.002506265664160401,0.004234724742891712,0.004839685420447671,0.0,0.007535695399259651,0.005992763455450022,0.0047489823609226595,0.007459207459207459,0.0030509218612818256,0.002012072434607646,0.005517503805175038,0.013603500761035007,0.0022213994816734544,0.005672926447574335,0.0011106997408367272,0.004813032210292485,0.005136986301369863,0.002070393374741201,0.013873873873873874,0.0125985125985126,0.0019147519147519148,0.0027100271002710027,0.024454962707974755,0.0006856695072974826,0.03945023612224895,0.0005471956224350205,0.003114898618865707,0.0021384656508954825,0.0015822784810126582,0.002531645569620253,0.010333257073133532,0.015418227215980025,0.003211883970691559
Ningguang,0.0,0.008707482993197279,0.00980392156862745,0.01980392156862745,0.0,0.019392033542976937,0.02236198462613557,0.02094155844155844,0.00878226711560045,0.0024198427102238356,0.0,0.0012531328320802004,0.0,0.0,0.0,,,,,,0.006284153005464481,0.0,0.0,,0.0006993006993006993,0.0015364354697102723,0.0,0.0,0.0,0.0029927187461434033,0.003455920709441836,0.0011106997408367272,0.0,,,0.0045045045045045045,0.004662004662004662,0.001665001665001665,0.002559470039144836,0.00028686173264486515,,,,,,,,,,
Noelle,0.022108843537414966,0.0,0.03908999497234792,0.03784313725490196,0.020408163265306124,0.011413929652923364,0.037037037037037035,0.006277056277056277,0.007744107744107744,0.009679370840895343,0.018170426065162906,0.010129490392648287,0.011278195488721804,0.00275974025974026,0.040395480225988704,0.011688311688311689,0.0,0.0,0.0,0.0,0.03114754098360656,0.015864621893178214,0.0101763907734057,0.023518769787426504,0.00909090909090909,0.005487269534679543,0.00835010060362173,0.0243531202435312,0.04095319634703197,0.007034431691965938,0.017801251956181534,0.004442798963346909,0.0,0.0,0.0,0.011351351351351352,0.005383505383505384,0.004329004329004329,0.02178058817625213,0.0028686173264486515,0.0,0.0005346164127238706,0.013132694938440492,0.0014692918013517486,0.0002673082063619353,0.0,0.0,0.0,0.0,0.0
Ororon,,,,,,,,,,,,,,,,,,,,,,,,,,,,,,,,,,,,,,,,0.058519793459552494,0.05517190714075816,0.0018711574445335472,0.023461012311901504,0.0047017337643255955,0.04553149781698298,0.0022151898734177216,0.004430379746835443,0.03740562800274537,0.02719517270079068,0.006925624811803674
Qiqi,0.03954081632653061,0.0012244897959183673,0.004147812971342383,0.000718954248366013,0.015102040816326531,0.00692988586070347,0.0154320987654321,0.023917748917748914,0.00202020202020202,0.0060496067755595895,0.02662907268170426,0.007675438596491228,0.0072055137844611525,0.020454545454545454,0.0,0.0,,0.0006265664160401002,0.0060496067755595895,0.018451300665456746,0.003278688524590164,0.0028203772254539045,0.013719282375998792,0.0,0.0013986013986013986,0.003511852502194908,0.006371562709590878,0.0030441400304414,0.0,0.0024065161051462424,0.0033255086071987483,0.00518326545723806,0.0074046649389115145,0.0005707762557077625,0.004554865424430642,0.0,0.0,0.0,0.0,0.0,0.0017631501616220983,0.009021651964715317,0.0,0.0005877167205406994,0.0010692328254477412,0.0,0.0,0.0,0.0,0.0
Raiden Shogun,0.03550170068027211,0.042925170068027214,0.030165912518853696,0.008627450980392156,0.01673469387755102,0.01607267645003494,0.03342650826927556,0.07732683982683983,0.08232323232323233,0.058378705384150034,0.03430451127819549,0.08322890559732664,0.06719924812030074,0.07232142857142858,0.06528719397363465,0.017207792207792207,0.023456790123456788,0.04918546365914787,0.03952409760032265,0.017896753377697118,0.017349726775956285,0.017935836418120923,0.024197195838986885,0.0,0.009324009324009324,0.001755926251097454,0.008551307847082495,0.028190005073566712,0.03580035514967021,0.010736764161421697,0.010498174230568596,0.009811181044057756,0.008330248056275453,0.024606798579401314,0.016356107660455487,0.023258258258258255,0.004828504828504828,0.011516261516261518,0.016862390846130684,0.008534136546184738,0.0013958272112841613,0.005880780539962577,0.016142270861833105,0.004260946223920071,0.0006682705159048383,0.010021097046413501,0.03481012658227848,0.02642415923129719,0.05339159384103204,0.02401385124962361
Razor,0.0,,0.0,,,,,,,0.008771929824561405,,,,,,,,,,,,,,,,,0.0,,,,,,,,,,,,,,,,,,,,,,,
Rosaria,0.014455782312925169,0.007346938775510205,0.006033182503770739,0.00784313725490196,0.013469387755102041,0.009084556254367574,0.0020964360587002098,0.0022727272727272726,0.0,0.0015124016938898974,0.006422305764411027,0.003132832080200501,0.006265664160401002,0.008441558441558441,0.002824858757062147,0.001948051948051948,0.004826038159371493,0.05780075187969924,0.01088929219600726,0.008771929824561405,0.016256830601092898,0.0031729243786356425,0.005201266395296246,0.0067842605156037995,0.005827505827505828,0.0014266900790166812,0.012776659959758551,0.0,0.000380517503805175,0.0006787609527335555,0.010595983307250914,0.0007404664938911515,0.02849253362951993,0.007420091324200913,0.031677018633540374,0.009249249249249249,0.001332001332001332,0.013486513486513486,0.007954431396165813,0.0,0.0005877167205406994,0.0021384656508954825,0.014705882352941176,0.0005877167205406994,0.017731444355341706,0.015822784810126583,0.000949367088607595,0.0,0.006616729088639201,
Sangonomiya Kokomi,0.0667517006802721,0.011428571428571429,0.0799396681749623,0.14620915032679738,0.03836734693877551,0.051595620778010706,0.06830887491264849,0.08532467532467533,0.0633557800224467,0.019610808630772338,0.017857142857142856,0.020363408521303257,0.020676691729323307,0.04437229437229437,0.01751412429378531,0.014285714285714285,0.034006734006734006,0.08693609022556391,0.050463803186126234,0.10995160314579554,0.06165755919854281,0.04605147188436453,0.057327001356852106,0.047715965626413386,0.0837995337995338,0.082619988293825,0.01841046277665996,0.02400431253170979,0.024479959411466256,0.020825620140688634,0.019757433489827857,0.033968900407256565,0.030852770578797976,0.027809487569761537,0.009213250517598344,0.0044444444444444444,0.014818514818514816,0.000333000333000333,0.003864297902238282,0.014414802065404474,0.002816142619257518,0.006058986010870533,0.014705882352941176,0.00514252130473112,0.0013365410318096765,0.009862869198312236,0.002848101265822785,0.010809883321894304,0.02478152309612984,0.01061427280939476
Sayu,,,,,,0.0,0.011879804332634521,0.0,,0.0036297640653357535,0.0,0.0,0.0,,0.0,,,,,,,,0.0,0.0,0.0,0.0,0.0,0.0,0.0,0.0,0.0,0.0,0.0,0.0,,0.0,0.0,0.002331002331002331,0.0,,,0.0,0.001094391244870041,,,,,0.0,0.0006242197253433209,
Sethos,,,,,,,,,,,,,,,,,,,,,,,,,,,,,,,,,,0.0,,,,,0.0,,,,,,,,,0.0,,
Shenhe,0.0008503401360544217,0.00380952380952381,0.0,0.0,0.0,0.001397624039133473,0.00034940600978336826,0.0,0.00202020202020202,0.0,0.012844611528822054,0.007048872180451127,0.003916040100250626,0.006899350649350649,0.01059322033898305,0.001948051948051948,0.0017957351290684624,0.0,0.0,0.0030248033877797948,0.001639344262295082,0.008372994888066278,0.022840343735866124,0.0027137042062415195,0.0004662004662004662,0.01009657594381036,0.002816901408450704,0.027492389649923895,0.0045662100456621,0.01141552511415525,0.004303599374021909,0.004627915586819697,0.0036097741577193632,0.0012366818873668188,0.0035196687370600416,0.0024324324324324323,0.0,0.0,0.0011040851149252233,0.0013864983744501817,0.007958663923988639,0.0028067361668003207,0.0,0.006939954941718092,0.00400962309542903,0.007990506329113925,0.007436708860759493,0.0,0.004431960049937578,0.0057211683227943394
Shikanoin Heizou,0.03188775510204082,0.005714285714285714,0.0030165912518853697,0.00392156862745098,0.0016326530612244899,0.004367575122292103,0.0,0.005844155844155844,,0.0,0.0,0.0,0.0,,0.0,,,,,,,,0.0,0.007236544549977386,0.0035742035742035738,0.0026338893766461808,0.0010395707578806168,0.001585489599188229,0.007753044140030441,0.00549179316302604,0.0,0.0,0.0,0.0,0.0,0.0,0.0,0.0,0.0,0.0007888697647733792,0.0,0.0,0.0,,0.002673082063619353,,,0.00526195378631892,,
Sigewinne,,,,,,,,,,,,,,,,,,,,,,,,,,,,,,,,,,,0.030745341614906833,0.001081081081081081,0.024808524808524805,0.00892163392163392,0.008130081300813009,0.023474851788104798,0.0038201586835145463,0.0,0.007615139078887369,0.003599764913311784,0.0005346164127238706,0.0,0.007911392405063292,0.01944635094943949,0.008156471077819393,0.004516711833785004
Skirk,,,,,,,,,,,,,,,,,,,,,,,,,,,,,,,,,,,,,,,,,,,,,,,0.03481012658227848,0.03305879661404713,0.012858926342072408,0.04308441232560473
Sucrose,0.0008503401360544217,0.014081632653061225,0.012820512820512822,0.018823529411764704,0.026938775510204082,0.009433962264150943,0.0052410901467505235,0.016233766233766232,0.019865319865319867,0.01648517846339988,0.035244360902255634,0.023652882205513783,0.03921261487050961,0.07543290043290043,0.028954802259887006,0.04188311688311688,0.03277216610549944,0.020050125313283207,0.04479229683403912,0.024500907441016337,0.00546448087431694,0.0031729243786356425,0.002600633197648123,0.013606211367405396,0.008158508158508158,0.01009657594381036,0.004225352112676056,0.012081430745814307,0.02815829528158295,0.01601258793039615,0.01793166405842462,0.0,0.0,0.00532724505327245,0.03536922015182885,0.003393393393393393,0.005661005661005661,0.0,0.01139215095854662,0.01883725377701281,0.001028504260946224,0.0013365410318096765,0.0009575923392612859,0.0014692918013517486,0.0002673082063619353,0.016468881856540083,0.0042194092827004225,0.01068405399222146,0.004764877236787349,0.012947907256850346
Tartaglia,0.0,0.0,0.01809954751131222,0.003137254901960784,0.0163265306122449,0.0006988120195667365,0.01665501979967389,0.003896103896103896,0.0006734006734006734,0.0,0.0,0.0006265664160401002,0.0,0.01038961038961039,0.005649717514124294,0.005357142857142857,0.018181818181818184,0.0,0.035415406331921764,0.009981851179673321,0.014754098360655738,0.0,0.025139454243931856,0.0,0.011965811965811967,0.00021949078138718174,0.0032193158953722333,0.0012366818873668188,0.000380517503805175,0.0007404664938911515,0.0019561815336463224,0.001480932987782303,0.0037023324694557573,0.0033295281582952814,0.0,0.0015615615615615615,0.005994005994005994,0.001665001665001665,0.0,0.0,0.0,0.0,0.00027359781121751026,0.0050200803212851405,0.0014256437672636548,0.004153481012658227,0.004509493670886076,0.016662853656676583,0.02419891801914274,0.016962762220214797
Thoma,0.0,0.0,0.020361990950226245,0.010196078431372548,0.0012244897959183673,0.01246214768227347,0.01642208245981831,0.008441558441558441,0.007239057239057239,0.0,0.0012531328320802004,0.013262322472848791,0.0,0.011011904761904761,0.0011299435028248588,0.003246753246753247,0.03468013468013468,0.005534670008354219,0.0060496067755595895,0.0,0.006329690346083789,0.005817028027498678,0.01854364540931705,0.030566862656414895,0.0048951048951048955,0.05022680714076676,0.005600268276324614,0.04651826484018265,0.01113013698630137,0.030112304084906824,0.009780907668231613,0.011014439096630878,0.013976305072195484,0.018550228310502282,0.004589371980676328,0.01936936936936937,0.010295260295260294,0.007034632034632035,0.016410719662752184,0.015347102696500286,0.020521108825546086,0.007217321571772253,0.010533515731874145,0.0239494563620335,0.0018711574445335472,0.005801687763713079,0.003744725738396624,0.0018302447952413636,0.0,0.00594700391448359
Tighnari,0.003401360544217687,0.004897959183673469,0.0,0.003137254901960784,0.05714285714285715,0.002445842068483578,0.0041928721174004195,0.01396103896103896,0.013804713804713806,0.0,0.0018796992481203006,0.018796992481203006,0.0012531328320802004,0.0,0.013229755178907723,0.017207792207792207,0.0035353535353535356,0.002506265664160401,0.0,0.0,0.018123861566484517,0.006522122333862153,0.011646313885119856,0.01990049751243781,0.01351981351981352,0.008669885864793678,0.002012072434607646,0.003995433789954338,0.006468797564687975,0.0,0.0022496087636932707,0.006108848574602,0.0022213994816734544,0.0013318112633181126,0.009972394755003451,0.0036036036036036037,0.002997002997002997,0.0010822510822510823,0.009861487503763927,0.002103652706062344,0.00181212655500049,0.0010692328254477412,0.0008207934336525308,0.0026447252424331475,0.016261249220351066,0.00031645569620253165,0.0,0.0,0.0,0.0
Traveler,0.04421768707482993,0.02122448979591837,0.005656108597285068,0.01588235294117647,0.0067346938775510205,0.030747728860936407,0.015257395760540414,0.023701298701298702,0.014478114478114479,0.040532365396249256,0.013784461152882205,0.08458646616541353,0.0549812030075188,0.004545454545454545,0.0096045197740113,0.022727272727272728,0.023007856341189677,0.015768588137009192,0.008771929824561405,0.009981851179673321,0.007240437158469945,0.0,0.0,0.013229308005427409,0.016666666666666666,0.013290166812993854,0.011670020120724345,0.0045662100456621,0.007261542364282091,0.020979883993582624,0.004107981220657277,0.017616932000493645,0.017169566827101076,0.01610857432775241,0.02294685990338164,0.019879879879879877,0.028249528249528248,0.004495504495504496,0.001806684733514002,0.008653662268120099,0.009501420315407974,0.017664617303751223,0.002188782489740082,0.017533548829464198,0.029893967744809763,0.00189873417721519,0.00435126582278481,0.0030199039121482497,0.03391593841032044,0.0209399779182977
Varesa,,,,,,,,,,,,,,,,,,,,,,,,,,,,,,,,,,,,,,,,,,,,0.004799686551082379,0.0,0.0,0.000949367088607595,0.005986425684435294,0.006179775280898876,0.0006022282445046673
Venti,0.023384353741496597,0.15496598639455783,0.056435394670688796,0.017254901960784313,0.08571428571428572,0.039832285115303984,0.002795248078266946,0.01,0.05235690235690236,0.030550514216575925,0.01629072681704261,0.006265664160401002,0.06156015037593984,0.03295454545454545,0.03680320150659134,0.08133116883116884,0.09859708193041526,0.041927736006683376,0.015325670498084292,0.004839685420447671,0.028506375227686703,0.05195663670015865,0.01990049751243781,0.039951756369666816,0.032167832167832165,0.000877963125548727,0.004024144869215292,0.02530441400304414,0.0015220700152207,0.006756756756756757,0.004694835680751174,0.017987165247439218,0.0,0.013666920345002534,0.01756383712905452,0.01792792792792793,0.001332001332001332,0.006771006771006771,0.0,0.0028686173264486515,0.0,0.002494876592711396,0.008891928864569083,0.007542364580272309,0.0002673082063619353,0.0031381856540084394,0.0,0.0012582932967284376,0.0,0.0
Wanderer,,,,,,0.015024458420684835,0.011879804332634521,0.01147186147186147,0.0025252525252525255,0.009376890502117364,0.01153926482873851,0.006578947368421052,0.019423558897243107,0.0016233766233766235,0.012241054613935971,0.0,0.00404040404040404,0.003132832080200501,0.00544464609800363,0.0024198427102238356,0.004007285974499089,0.033844526705446853,0.005879692446856626,0.0004522840343735866,0.002097902097902098,0.011852502194907815,0.012877263581488933,0.009830035514967023,0.01848680872653475,0.0055534987041836355,0.01134585289514867,0.007589781562384303,0.0037023324694557573,0.001902587519025875,0.018633540372670808,0.0,0.00999000999000999,0.001665001665001665,0.0030111412225233363,0.0015777395295467583,0.007052600646488393,0.0009133030384032789,0.0023711810305517556,0.010946223920070526,0.011226944667201283,0.003481012658227848,0.000949367088607595,0.0014870738961336079,0.01710362047440699,0.008054802770249924
Wriothesley,,,,,,,,,,,,,,,,,,,,,,,,0.007575757575757576,0.008974358974358974,0.010535557506584723,0.039235412474849095,0.01563292744799594,0.03018772196854388,0.001480932987782303,0.0044014084507042256,0.001480932987782303,0.022584228063680118,0.0060882800608828,0.014285714285714285,0.010090090090090091,0.007076257076257076,0.007409257409257409,0.00617283950617284,0.010255306942053928,0.011827799000881576,0.017731444355341706,0.00560875512995896,0.006979136056420806,0.01739730909738929,0.02921940928270042,0.030854430379746837,0.014985129261038664,0.022846441947565542,0.016184884071062933
Xiangling,0.03741496598639456,0.03142857142857143,0.02187028657616893,0.030196078431372547,0.0810204081632653,0.014325646401118098,0.027428371767994408,0.048214285714285716,0.012962962962962964,0.006654567453115548,0.059158312447786125,0.049081035923141184,0.008458646616541353,0.0025974025974025974,0.07542372881355933,0.02727272727272727,0.03569023569023569,0.021459899749373432,0.0012099213551119178,0.042901794716676746,0.05874316939890711,0.014895117221928432,0.024084124830393485,0.002261420171867933,0.007498057498057498,0.07340137547556336,0.10492957746478873,0.0020928462709284626,0.020167427701674276,0.024898185857089968,0.009389671361502348,0.10357275083302481,0.057571269900037025,0.01036910197869102,0.010144927536231883,0.07633633633633634,0.02614052614052614,0.04795204795204795,0.07530362340660444,0.04599349780072671,0.053433245175825254,0.020181769580326116,0.038144094847241225,0.04814379469095895,0.021562861979862784,0.045820147679324894,0.07318037974683544,0.00983756577442233,0.010278818143986682,0.015808491418247517
Xianyun,,,,,,,,,,,,,,,,,,,,,,,,,,,,0.02815829528158295,0.04033485540334855,0.06951129211403184,0.04039514866979656,0.02835369616191534,0.01629026286560533,0.025462962962962965,0.007039337474120083,0.004144144144144144,0.008325008325008326,0.006576756576756577,0.015181170330221823,0.00423121055651176,0.0,0.008776619442216875,0.0,0.00484866294446077,0.021518310612135792,0.016218354430379747,0.004113924050632912,0.0018302447952413636,0.015230961298377027,0.02248318779484091
Xiao,0.002551020408163265,0.03374149659863946,0.003770739064856712,0.019673202614379083,0.04,0.0052410901467505235,0.002795248078266946,0.00643939393939394,0.001851851851851852,0.00020165355918531962,0.014097744360902255,0.018849206349206348,0.0,0.003246753246753247,0.0,0.0037337662337662337,0.0,0.0012531328320802004,0.00574712643678161,0.0,0.0,0.002467830072272166,0.015490728177295342,0.0027137042062415195,0.0016317016317016317,0.0,0.007142857142857143,0.0,0.0,0.0,0.0,0.0,0.0010644205849685302,0.011605783866057838,0.0,0.0,0.0,0.0,0.0,0.0,0.0,0.0,0.0,0.0,0.0,0.0,0.0,0.0,0.0,0.0
Xilonen,,,,,,,,,,,,,,,,,,,,,,,,,,,,,,,,,,,,,,0.07667332667332667,0.1099066546221018,0.042598967297762476,0.09058183955333532,0.07787579078677714,0.07918376652986775,0.044544029777647175,0.042368350708366746,0.06914556962025317,0.07220464135021097,0.0673186913749714,0.04731585518102372,0.09018367961457392
Xingqiu,0.0612953514739229,0.07061224489795918,0.03751885369532428,0.06176470588235294,0.09877551020408164,0.06172839506172839,0.07255998136501281,0.015692640692640692,0.046464646464646465,0.08469449485783424,0.04344193817878029,0.042919799498746865,0.03226817042606516,0.025,0.05466101694915254,0.026623376623376622,0.025645342312008976,0.042136591478696736,0.05051421657592257,0.07027626537608389,0.1581511839708561,0.13841882601797992,0.10459068294889191,0.12305894768581335,0.08399378399378399,0.06284021071115013,0.09198524480214622,0.07068112633181126,0.12111555048198884,0.07370726891274836,0.036384976525821594,0.08061828952239912,0.03480192521288412,0.09950532724505326,0.11680469289164941,0.022807807807807806,0.06943056943056942,0.03596403596403597,0.041202449061527646,0.04252725186460127,0.0034528357331766093,0.011160117615610799,0.027063383492932056,0.0,0.025082420030294927,0.019330168776371306,0.03306962025316456,0.033306642263402735,0.05299625468164794,0.06021027802870622
Xinyan,,,,,,,,,,,,,,,,,,,,,,,,,,,,,,,,,,,,,,,,0.0,,,,,,,,,,
Yae Miko,0.003826530612244898,0.03034013605442177,0.014203117144293615,0.008235294117647058,0.014285714285714287,0.04385045422781272,0.030223619846261353,0.022835497835497834,0.00808080808080808,0.023593466424682394,0.029918546365914785,0.02443609022556391,0.007675438596491228,0.04383116883116883,0.019491525423728815,0.06444805194805195,0.008585858585858586,0.02412280701754386,0.02192982456140351,0.01663641863278887,0.04180327868852459,0.010356072624713554,0.0,0.007424996230966379,0.02226107226107226,0.017742171495463855,0.012072434607645876,0.0036149162861491627,0.021118721461187213,0.016660496112550906,0.012323943661971832,0.01021226706158213,0.00487473775145008,0.000380517503805175,0.013043478260869566,0.0018918918918918919,0.004606504606504606,0.020146520146520148,0.011868914985446153,0.0008605851979345954,0.00046527573709472035,0.0012028869286287089,0.002051983584131327,0.0005877167205406994,0.0,0.004535864978902954,0.04061181434599156,0.024841760085411422,0.03027465667915106,0.024314965371875944
Yanfei,0.0,0.01217687074829932,0.0022624434389140274,0.010980392156862745,0.0,0.0,0.0,0.004967532467532468,0.006734006734006735,0.0,0.011591478696741854,0.0018796992481203006,0.010651629072681704,0.0,0.0016949152542372883,0.0012987012987012987,0.0,0.0,0.0,0.019056261343012706,0.0,0.005817028027498678,0.026986280717624,0.0021483491632745366,0.024941724941724943,0.0,0.01358148893360161,0.008942161339421613,0.0,0.0,0.008509389671361502,0.004936443292607677,0.008484511909169445,0.0,0.0,0.00018018018018018018,0.0,0.0028305028305028305,0.001806684733514002,0.0,0.002840630815946714,0.0,0.004879160966712267,0.002057008521892448,0.003074044373162256,0.0,0.004113924050632912,0.0,0.0,
Yaoyao,,,,,,,,0.008441558441558441,0.009539842873176206,0.01149425287356322,0.013784461152882205,0.0037593984962406013,0.011278195488721804,0.005844155844155844,0.0019774011299435027,0.02159090909090909,0.008754208754208754,0.008771929824561403,0.006654567453115548,0.0036297640653357535,0.001092896174863388,0.0021152829190904283,0.013116236996834011,0.008932609678878335,0.004195804195804196,0.009218612818261633,0.024144869215291746,0.004185692541856925,0.000380517503805175,0.031007034431691963,0.000782472613458529,0.004442798963346909,0.009255831173639394,0.001141552511415525,0.023050379572118702,0.02645645645645646,0.008907758907758908,0.046453546453546456,0.015507377295995182,0.0168770319372729,0.00573023802527182,0.003074044373162256,0.008618331053351573,0.0008815750808110492,0.0005346164127238706,0.00031645569620253165,0.0,0.0,0.0014981273408239699,0.00030111412225233364
Yelan,0.1278344671201814,0.06693877551020408,0.08722976370035194,0.049019607843137254,0.051836734693877555,0.07570463545306312,0.06295131609597018,0.06134199134199134,0.03961840628507295,0.07294817503528937,0.07675438596491227,0.05409356725146199,0.1506892230576441,0.12575757575757576,0.037005649717514126,0.10762987012987013,0.13372615039281704,0.10458437761069339,0.14594676346037508,0.10813672111312764,0.09266848816029144,0.09016393442622951,0.07926277702397105,0.13625056535504296,0.15011655011655012,0.11853965466783727,0.03547954393024815,0.05989979705733131,0.08894596651445964,0.08938047636677773,0.15766823161189358,0.07336788843638159,0.05479452054794521,0.1480213089802131,0.04161490683229813,0.10903903903903905,0.10253635253635254,0.06005106005106004,0.05989661748469336,0.04252725186460126,0.02238221177392497,0.02044907778668805,0.05442316461468308,0.015770398667842103,0.034972823665686534,0.019382911392405063,0.012341772151898734,0.07043010752688172,0.027632126508531005,0.06622001405199238
Yoimiya,0.003826530612244898,0.0,0.012066365007541479,0.005490196078431373,0.005714285714285714,0.004542278127183787,0.03098066620079198,0.003896103896103896,0.008754208754208754,0.013309134906231096,0.0012531328320802004,0.0020885547201336674,0.0012531328320802004,0.012987012987012988,0.015819209039548022,0.0,0.0006734006734006734,0.005952380952380952,0.01088929219600726,0.006856221012300868,0.010382513661202186,0.00643398554556672,0.0033921302578018998,0.008593396653098146,0.0004662004662004662,0.001755926251097454,0.0008048289738430583,0.003424657534246575,0.0,0.0011106997408367272,0.01056338028169014,0.0,0.0018511662347278786,0.016933028919330288,0.005314009661835748,0.008753753753753755,0.007659007659007659,0.005661005661005661,0.013901435310649402,0.0018646012621916235,0.004407875404055246,0.002762184799073332,0.004126766985864113,0.0017631501616220983,0.01136059877038225,0.0022151898734177216,0.0,0.0,0.0,0.004591990364348087
Yumemizuki Mizuki,,,,,,,,,,,,,,,,,,,,,,,,,,,,,,,,,,,,,,,,,,0.0032076984763432237,0.0,0.0,0.0,,,0.0004575611988103409,0.0,0.0
Yun Jin,0.003401360544217687,0.02469387755102041,0.0,0.002352941176470588,0.0,0.0041928721174004195,0.005939902166317261,0.00275974025974026,0.012794612794612796,0.002722323049001815,0.0,0.0,0.0037593984962406013,0.008333333333333333,0.006261770244821092,0.00275974025974026,0.027946127946127948,0.005639097744360902,0.017443032869530146,0.008116555757209116,0.00883424408014572,0.00467124977965803,0.003618272274988693,0.014925373134328358,0.0037296037296037296,0.0013169446883230904,0.010093896713615026,0.005136986301369863,0.003995433789954338,0.006664198445020363,0.004499217527386541,0.00518326545723806,0.001480932987782303,0.015601217656012176,0.0037267080745341614,0.002972972972972973,0.002997002997002997,0.010184260184260186,0.01324902137910268,0.005091795754446357,0.007934175727299443,0.00458879087587989,0.0017783857729138167,0.001028504260946224,,,,0.0,,
Zhongli,0.12776360544217685,0.0426530612244898,0.03902714932126697,0.03137254901960784,0.03469387755102041,0.03098066620079198,0.02585604472396925,0.016558441558441557,0.03204264870931538,0.04890098810244001,0.029918546365914785,0.02365288220551378,0.05482456140350877,0.07483766233766234,0.04562146892655367,0.06298701298701298,0.054657687991021324,0.18671679197994986,0.19031054648114543,0.03266787658802178,0.046994535519125684,0.06808566895822316,0.07202623247399367,0.07575757575757576,0.05128205128205128,0.07475124378109452,0.05221327967806841,0.1304540842212075,0.062119482496194825,0.061828952239911146,0.10556859676577986,0.08058743675182031,0.09706281624089842,0.06735159817351598,0.09734299516908212,0.08264264264264264,0.11946386946386946,0.07947607947607949,0.04757603131586872,0.08785140562248996,0.08913703594867273,0.05869642698030829,0.0914500683994528,0.09784748751101971,0.0388710683417981,0.050501054852320676,0.015664556962025317,0.023183100739723937,0.017582188930503537,0.018970189701897018
