Unnamed: 0,Date,Primogem Used,Total Users,Average Used,Primogem Supplied
0,2022-09-29,3227008.326101589,400786,8.051699226274344,720.0
1,2022-09-30,2654193.4000146207,400786,6.622470345807041,400.0
2,2022-10-01,3728093.841152164,400786,9.301956258831806,20.0
3,2022-10-02,1685127.247495527,400786,4.204556165872877,300.0
4,2022-10-03,1164768.638672606,400786,2.9062108922781884,40.0
5,2022-10-04,901479.7477998117,400786,2.249279535212836,0.0
6,2022-10-05,871404.2453906432,400786,2.174238235344157,400.0
7,2022-10-06,715337.3280016296,400786,1.7848361170341018,0.0
8,2022-10-07,693019.9360259869,400786,1.729152056274388,0.0
9,2022-10-08,720968.9066019695,400786,1.798887452660446,0.0
10,2022-10-09,654619.248027777,400786,1.6333386097013791,0.0
11,2022-10-10,558139.9910591857,400786,1.3926134921359172,90.0
12,2022-10-11,594787.222984418,400786,1.4840518954864144,70.0
13,2022-10-12,526344.6093954585,400786,1.3132809264681362,70.0
14,2022-10-13,538833.3204684216,400786,1.3444414736752819,70.0
15,2022-10-14,480551.42520872696,400786,1.1990224838410697,330.0
16,2022-10-15,3536309.572538052,372850,9.484536871498062,70.0
17,2022-10-16,1722577.0343411288,372850,4.620026912541582,320.0
18,2022-10-17,1018905.608764218,372850,2.732749386520633,440.0
19,2022-10-18,1058388.3649478029,372850,2.8386438646850016,320.0
20,2022-10-19,780319.6582664346,372850,2.0928514369489997,0.0
21,2022-10-20,1367175.5912665743,372850,3.666824705019644,800.0
22,2022-10-21,855016.3272050914,372850,2.293191168580103,300.0
23,2022-10-22,721664.3255320436,372850,1.935535270301847,0.0
24,2022-10-23,914383.6732482566,372850,2.452416986048697,0.0
25,2022-10-24,558040.4307516419,372850,1.4966888313038538,420.0
26,2022-10-25,487653.06054313335,372850,1.307906827257968,0.0
27,2022-10-26,460250.25742772577,372850,1.234411311325535,0.0
28,2022-10-27,422840.4308999123,372850,1.134076521120859,0.0
29,2022-10-28,389985.8713361873,372850,1.045959156057898,0.0
30,2022-10-29,405091.8809666544,372850,1.0864741342809558,0.0
31,2022-10-30,376428.4906523037,372850,1.009597668371473,0.0
32,2022-10-31,352176.34642822115,372850,0.9445523573239135,0.0
33,2022-11-01,400539.8504266968,372850,1.0742653893702476,640.0
34,2022-11-02,95662.224457921,372850,0.256570268091514,90.0
35,2022-11-03,4911006.957272812,471989,10.404918244435382,80.0
36,2022-11-04,3413218.6437719758,471989,7.231563963931311,60.0
37,2022-11-05,2846702.1757944548,471989,6.0312892372374245,60.0
38,2022-11-06,2229442.2831498883,471989,4.723504749368923,60.0
39,2022-11-07,1844867.8109858872,471989,3.9087093364164995,60.0
40,2022-11-08,1802539.3234760307,471989,3.8190282474295603,180.0
41,2022-11-09,1461934.5899698362,471989,3.0973912315114043,0.0
42,2022-11-10,1641911.0324326311,471989,3.4787061402546056,350.0
43,2022-11-11,1571551.5545265072,471989,3.329635975682711,180.0
44,2022-11-12,1603581.3320839324,471989,3.39749725541047,180.0
45,2022-11-13,1521623.1153951276,471989,3.2238529190195693,180.0
46,2022-11-14,1288534.4321754612,471989,2.730009453981896,60.0
47,2022-11-15,1250537.494087,471989,2.6495055903569784,0.0
48,2022-11-16,1453996.2360497664,471989,3.0805722931037938,0.0
49,2022-11-17,1377655.4975168332,471989,2.9188296708542643,80.0
50,2022-11-18,1003704.037508037,471989,2.126541164111954,100.0
51,2022-11-19,3499538.274903319,409082,8.55461319467324,60.0
52,2022-11-20,1272111.176847601,409082,3.109672820724454,60.0
53,2022-11-21,960057.3253335516,409082,2.3468579046097156,60.0
54,2022-11-22,833836.3155102717,409082,2.0383109389077783,60.0
55,2022-11-23,672827.8954189128,409082,1.6447262295063405,60.0
56,2022-11-24,665071.0186697538,409082,1.6257645622876435,60.0
57,2022-11-25,1066474.667925915,409082,2.606994851706785,400.0
58,2022-11-26,773301.8728400304,409082,1.8903346342298863,100.0
59,2022-11-27,634152.2317677144,409082,1.550183659431885,100.0
60,2022-11-28,581131.5556351048,409082,1.4205747396245858,100.0
61,2022-11-29,497669.25301562704,409082,1.2165513344894838,200.0
62,2022-11-30,662260.9062247111,409082,1.618895248934715,100.0
63,2022-12-01,1318184.3369352662,409082,3.222298553676931,40.0
64,2022-12-02,743973.1173214568,409082,1.8186405594024102,0.0
65,2022-12-03,631485.5694474857,409082,1.5436650095762847,220.0
66,2022-12-04,767956.4681890624,409082,1.8772678049610163,200.0
67,2022-12-05,663612.3574005914,409082,1.6221988681990196,200.0
68,2022-12-06,315566.1145700244,409082,0.7714006350072221,840.0
69,2022-12-07,94293.5420436002,409082,0.23050034478075349,60.0
70,2022-12-08,3212244.8749791617,453595,7.081746657214391,0.0
71,2022-12-09,2356548.627348589,453595,5.195270290344005,120.0
72,2022-12-10,2262302.0234915176,453595,4.987493300171998,220.0
73,2022-12-11,2117559.901675438,453595,4.668393394273389,320.0
74,2022-12-12,1704537.900063089,453595,3.757841025723584,200.0
75,2022-12-13,1757538.6093623382,453595,3.874686910927894,380.0
76,2022-12-14,1125553.0923340137,453595,2.4814054218719646,0.0
77,2022-12-15,1227884.4464202202,453595,2.7070061319463843,330.0
78,2022-12-16,1312136.805671556,453595,2.8927497121254775,0.0
79,2022-12-17,1229241.0850531687,453595,2.7099969908247856,350.0
80,2022-12-18,955355.1256127752,453595,2.106185309830962,0.0
81,2022-12-19,952599.0071268902,453595,2.1001091438990516,330.0
82,2022-12-20,827449.6032519192,453595,1.8242035367495655,0.0
83,2022-12-21,762942.966298791,453595,1.6819915702306927,0.0
84,2022-12-22,750208.9236719275,453595,1.653917974563052,0.0
85,2022-12-23,882955.5038914102,453595,1.9465723914315858,0.0
86,2022-12-24,830931.9824195025,453595,1.8318808241261533,0.0
87,2022-12-25,824387.4760518355,453595,1.8174527409954595,0.0
88,2022-12-26,787578.7078498971,453595,1.7363037684496017,0.0
89,2022-12-27,511285.47985780536,453595,1.1271849995211705,40.0
90,2022-12-28,3962443.610713594,389328,10.177648693938258,120.0
91,2022-12-29,1434191.22002176,389328,3.6837607878749026,60.0
92,2022-12-30,1245517.3721232938,389328,3.1991466632846697,60.0
93,2022-12-31,1389358.993321048,389328,3.5686079432279416,60.0
94,2023-01-01,2583895.236981829,389328,6.6368081334551565,60.0
95,2023-01-02,1229105.4123765037,389328,3.156992079625672,60.0
96,2023-01-03,1012545.6250110836,389328,2.600752129338459,140.0
97,2023-01-04,892990.2633680749,389328,2.2936707952371136,80.0
98,2023-01-05,855061.2831166476,389328,2.1962491347055635,80.0
99,2023-01-06,1257669.6003563271,389328,3.2303600058468107,380.0
100,2023-01-07,868404.5819088672,389328,2.2305217757491556,80.0
101,2023-01-08,685289.0632866045,389328,1.760184377405695,0.0
102,2023-01-09,596643.6369191506,389328,1.5324960879236802,0.0
103,2023-01-10,576861.9400486618,389328,1.4816862389775762,20.0
104,2023-01-11,547498.7422353838,389328,1.4062660333584633,0.0
105,2023-01-12,513358.0280680358,389328,1.318574641608196,0.0
106,2023-01-13,514760.8445044109,389328,1.3221778153752386,0.0
107,2023-01-14,530883.3079347324,389328,1.3635888195422174,0.0
108,2023-01-15,516168.6237347828,389328,1.3257937362192875,0.0
109,2023-01-16,641128.4680401001,389328,1.6467566371802185,0.0
110,2023-01-17,292115.01743448124,389328,0.7503056996529437,720.0
111,2023-01-18,55694.12849462678,389328,0.14305194718753025,0.0
112,2023-01-19,1954710.6337142345,372662,5.245264163542927,450.0
113,2023-01-20,1306611.880442147,372662,3.50615807472226,0.0
114,2023-01-21,1529798.6477692248,372662,4.10505672102126,570.0
115,2023-01-22,1074343.037283707,372662,2.8828886156455633,0.0
116,2023-01-23,1328314.1863110713,372662,3.5643939717789075,550.0
117,2023-01-24,940628.462827981,372662,2.524079360997314,0.0
118,2023-01-25,1641085.3914015596,372662,4.403683207307318,1040.0
119,2023-01-26,851348.2249894253,372662,2.2845050608578963,0.0
120,2023-01-27,696388.4579208404,372662,1.868686525379138,0.0
121,2023-01-28,663892.7483010495,372662,1.7814876437657972,0.0
122,2023-01-29,609450.7221774238,372662,1.6353980877508942,0.0
123,2023-01-30,509347.7993118121,372662,1.3667822297733927,0.0
124,2023-01-31,648995.0856709911,372662,1.7415113042676502,80.0
125,2023-02-01,1288413.567290535,372662,3.4573247803385776,80.0
126,2023-02-02,678666.7788760866,372662,1.8211322294091874,80.0
127,2023-02-03,596031.763994922,372662,1.5993896989629264,100.0
128,2023-02-04,647212.1812985797,372662,1.736727064467479,100.0
129,2023-02-05,677022.147196791,372662,1.8167190301044673,160.0
130,2023-02-06,500714.70304868487,372662,1.3436162073103373,0.0
131,2023-02-07,338008.41169048025,372662,0.907010673721711,200.0
132,2023-02-08,6165862.612645509,387737,15.902177539531973,0.0
133,2023-02-09,2147390.219359695,387737,5.538264904715555,230.0
134,2023-02-10,1752345.968614671,387737,4.519419009830558,90.0
135,2023-02-11,1566239.4686848202,387737,4.039437734043489,70.0
136,2023-02-12,1286658.9113369496,387737,3.3183805294231647,70.0
137,2023-02-13,1122033.1639545832,387737,2.8937995702101764,70.0
138,2023-02-14,1033489.4040916534,387737,2.6654392128985713,70.0
139,2023-02-15,912214.6533538644,387737,2.3526634119360916,0.0
140,2023-02-16,1167830.7155590104,387737,3.011914559505568,80.0
141,2023-02-17,1736282.8673702786,387737,4.477991183122267,400.0
142,2023-02-18,1172980.2244385032,387737,3.02519549188884,80.0
143,2023-02-19,973509.6626959668,387737,2.510747395002197,80.0
144,2023-02-20,842323.4285048324,387737,2.1724092065106824,100.0
145,2023-02-21,695211.1001470576,387737,1.7929965418493916,0.0
146,2023-02-22,686659.9012513892,387737,1.770942420381313,0.0
147,2023-02-23,680504.3689724063,387737,1.7550668854723852,0.0
148,2023-02-24,691241.8093801966,387737,1.7827594719621718,0.0
149,2023-02-25,681185.4898732285,387737,1.7568235424352807,0.0
150,2023-02-26,685853.5167366226,387737,1.7688627000689192,0.0
151,2023-02-27,708582.9909356146,387737,1.8274835544083092,0.0
152,2023-02-28,390012.1765036038,387737,1.0058678343918785,640.0
153,2023-03-01,91309.34558954425,387737,0.23549299032474139,60.0
154,2023-03-02,1493298.1716226172,238426,6.263151550680786,245.0
155,2023-03-03,1063791.3116820462,238426,4.461725280305194,330.0
156,2023-03-04,898688.8771878676,238426,3.7692570323197456,100.0
157,2023-03-05,742251.6993415906,238426,3.1131323737410797,250.0
158,2023-03-06,539320.2286485903,238426,2.262002586331148,100.0
159,2023-03-07,541306.1451187854,238426,2.2703318644727735,250.0
160,2023-03-08,476461.6551571944,238426,1.9983628260223063,0.0
161,2023-03-09,434399.697620762,238426,1.8219476802897419,0.0
162,2023-03-10,418880.3565922904,238426,1.7568568721208693,20.0
163,2023-03-11,399732.5035867024,238426,1.6765474553391928,0.0
164,2023-03-12,366537.2724850027,238426,1.5373208982451692,0.0
165,2023-03-13,290683.89774298173,238426,1.2191786874878652,0.0
166,2023-03-14,290106.21396645496,238426,1.216755781527413,70.0
167,2023-03-15,286578.43688275415,238426,1.201959672530488,70.0
168,2023-03-16,344346.8145354302,238426,1.4442502685757015,70.0
169,2023-03-17,305938.0387459304,238426,1.2831572007496264,90.0
170,2023-03-18,321329.9192970188,238426,1.3477134175677938,70.0
171,2023-03-19,316819.4630489771,238426,1.328795781705758,70.0
172,2023-03-20,241854.20002033532,238426,1.0143784655211063,0.0
173,2023-03-21,134431.7431703253,238426,0.5638300486118347,110.0
174,2023-03-22,3943025.61395009,320646,12.2971302119786,50.0
175,2023-03-23,1314029.4689300517,320646,4.098069113383768,50.0
176,2023-03-24,1075762.7188594225,320646,3.354985619216901,50.0
177,2023-03-25,955092.5153485812,320646,2.978650958841156,50.0
178,2023-03-26,831300.838194854,320646,2.5925813457671514,50.0
179,2023-03-27,687978.911428681,320646,2.1456026628390217,120.0
180,2023-03-28,634992.2788742217,320646,1.9803530337949693,0.0
181,2023-03-29,608310.5648311685,320646,1.8971406623852114,0.0
182,2023-03-30,629460.8439629307,320646,1.9631021249693765,0.0
183,2023-03-31,1251026.1957703258,320646,3.90158054605492,360.0
184,2023-04-01,1740060.8918245158,320646,5.426735065538057,60.0
185,2023-04-02,805489.3879431691,320646,2.512083069625597,60.0
186,2023-04-03,601964.3334910357,320646,1.8773486445832344,80.0
187,2023-04-04,521148.38628952106,320646,1.6253076174021228,60.0
188,2023-04-05,493428.09369984566,320646,1.5388562268041568,60.0
189,2023-04-06,475890.8438030173,320646,1.4841627333664456,60.0
190,2023-04-07,441221.829556108,320646,1.3760403359346693,0.0
191,2023-04-08,414455.9581354279,320646,1.2925655025649092,0.0
192,2023-04-09,406453.35659018526,320646,1.2676077561865273,0.0
193,2023-04-10,380840.8237765274,320646,1.1877298446777051,20.0
194,2023-04-11,181867.91838693665,320646,0.5671922256536388,640.0
195,2023-04-12,61471.2263533828,320646,0.19171056664790082,60.0
196,2023-04-13,1988964.014345735,300734,6.613698532077301,120.0
197,2023-04-14,1448570.1482466108,300734,4.816782100615862,0.0
198,2023-04-15,1331172.1044301612,300734,4.426410397328407,90.0
199,2023-04-16,1329910.3076375814,300734,4.422214673557301,0.0
200,2023-04-17,948518.5118978234,300734,3.154011558047389,110.0
201,2023-04-18,795378.7024132996,300734,2.6447914183740435,0.0
202,2023-04-19,800214.2839103289,300734,2.660870682763934,120.0
203,2023-04-20,687847.7527698805,300734,2.287229753768714,0.0
204,2023-04-21,729357.7323468907,300734,2.4252586416796595,100.0
205,2023-04-22,718753.9369409254,300734,2.3899989257647136,80.0
206,2023-04-23,654188.7355342787,300734,2.1753068676447582,80.0
207,2023-04-24,570870.9609882206,300734,1.8982587967713016,80.0
208,2023-04-25,512260.10811053327,300734,1.7033661245836296,80.0
209,2023-04-26,378141.2974806122,300734,1.257394566229998,0.0
210,2023-04-27,460320.7118768428,300734,1.530657364570826,250.0
211,2023-04-28,443237.4723822732,300734,1.4738522161853105,0.0
212,2023-04-29,468346.0529675365,300734,1.5573432101709035,250.0
213,2023-04-30,576233.5973566846,300734,1.9160906227985017,0.0
214,2023-05-01,1284297.529172897,300734,4.270543168291238,250.0
215,2023-05-02,401798.0280296928,300734,1.3360578718392095,40.0
216,2023-05-03,2891650.7013561376,285019,10.145466447346099,270.0
217,2023-05-04,939181.2875495476,285019,3.2951532618862167,0.0
218,2023-05-05,767279.0348752388,285019,2.692027671401692,0.0
219,2023-05-06,719971.4464705292,285019,2.5260471985044126,0.0
220,2023-05-07,626417.5378095396,285019,2.1978097523657705,0.0
221,2023-05-08,562343.6963035869,285019,1.9730042428876213,70.0
222,2023-05-09,505650.5734500751,285019,1.774094265470285,70.0
223,2023-05-10,474987.9503582166,285019,1.6665132863360568,90.0
224,2023-05-11,451741.7187977377,285019,1.5849529989149413,70.0
225,2023-05-12,435057.5133180539,285019,1.5264158295343606,370.0
226,2023-05-13,824350.290245502,285019,2.892264341133405,70.0
227,2023-05-14,539047.5227125938,285019,1.8912687319532866,0.0
228,2023-05-15,377319.1751116348,285019,1.323838674304642,0.0
229,2023-05-16,431046.0980813842,285019,1.5123416266332568,0.0
230,2023-05-17,327198.7802025996,285019,1.1479893628235296,20.0
231,2023-05-18,306991.8779277078,285019,1.077092677778351,0.0
232,2023-05-19,292658.51517009194,285019,1.0268035294843219,0.0
233,2023-05-20,314977.2518781616,285019,1.1051096659456443,0.0
234,2023-05-21,324653.52029031515,285019,1.1390592216319444,0.0
235,2023-05-22,262786.04634672817,285019,0.9219948366485328,0.0
236,2023-05-23,129508.6033434212,285019,0.45438585969153356,640.0
237,2023-05-24,41105.85840119661,285019,0.14422146734497213,120.0
238,2023-05-25,1159310.4508977532,288141,4.023413713764279,250.0
239,2023-05-26,754054.7791561866,288141,2.6169645387368914,0.0
240,2023-05-27,707428.5221955484,288141,2.455147036331339,250.0
241,2023-05-28,575280.8335413564,288141,1.9965254286663696,0.0
242,2023-05-29,551038.836747867,288141,1.9123930185147795,250.0
243,2023-05-30,430724.08519367065,288141,1.4948378925375794,0.0
244,2023-05-31,645538.4663430937,288141,2.240356167095601,250.0
245,2023-06-01,1231827.726206924,288141,4.275086593740301,0.0
246,2023-06-02,573547.2910070276,288141,1.9905091292354355,0.0
247,2023-06-03,498061.4319151903,288141,1.7285337106319139,20.0
248,2023-06-04,434794.8915429402,288141,1.5089657200569868,0.0
249,2023-06-05,365479.06393895776,288141,1.2684035383335164,0.0
250,2023-06-06,323968.9136020201,288141,1.1243416022087107,0.0
251,2023-06-07,291949.2617963034,288141,1.013216660580422,0.0
252,2023-06-08,317333.15426912176,288141,1.101312046078558,100.0
253,2023-06-09,314092.0334512075,288141,1.0900636613713686,80.0
254,2023-06-10,351381.30957769486,288141,1.2194769559961784,160.0
255,2023-06-11,364790.82167906006,288141,1.2660149776639216,80.0
256,2023-06-12,321438.4589772835,288141,1.115559600949825,0.0
257,2023-06-13,176697.14440952492,288141,0.6132315234885869,40.0
258,2023-06-14,2409361.958580069,292264,8.243786297936348,105.0
259,2023-06-15,849051.1282367745,292264,2.9050828300330336,0.0
260,2023-06-16,935600.1016340192,292264,3.2012156873033257,105.0
261,2023-06-17,696233.2899501023,292264,2.3822068060045107,20.0
262,2023-06-18,667226.1613590481,292264,2.2829570571779216,105.0
263,2023-06-19,534202.5697416164,292264,1.8278083162538539,0.0
264,2023-06-20,574090.3136242728,292264,1.9642867873712562,105.0
265,2023-06-21,518214.52100503794,292264,1.773104183221464,60.0
266,2023-06-22,470374.7823249034,292264,1.6094174524570368,60.0
267,2023-06-23,851495.5680751535,292264,2.913446637543979,360.0
268,2023-06-24,570042.0253637384,292264,1.9504353097327705,60.0
269,2023-06-25,517283.1457158618,292264,1.7699174230006494,60.0
270,2023-06-26,438980.3741117734,292264,1.5019994734615738,60.0
271,2023-06-27,431625.1992198143,292264,1.4768332713567676,60.0
272,2023-06-28,364154.2886051869,292264,1.2459772281402668,0.0
273,2023-06-29,342349.347268339,292264,1.171370224414704,0.0
274,2023-06-30,452090.2378392013,292264,1.5468557120931805,0.0
275,2023-07-01,1097982.1890544868,292264,3.7568164024802466,0.0
276,2023-07-02,545928.8199979397,292264,1.8679304327523738,0.0
277,2023-07-03,459527.7906899503,292264,1.5723037756615603,20.0
278,2023-07-04,220665.3338557677,292264,0.7550205767927891,730.0
279,2023-07-05,23840.85374694217,292264,0.0815730084681732,90.0
280,2023-07-06,917544.2273493522,232291,3.9499775167757347,30.0
281,2023-07-07,691588.1256494792,232291,2.9772489061112104,220.0
282,2023-07-08,526282.939313761,232291,2.265619155773409,30.0
283,2023-07-09,549056.3356343007,232291,2.3636573764558277,220.0
284,2023-07-10,434520.3031666731,232291,1.8705860458075134,20.0
285,2023-07-11,485325.3907129312,232291,2.0892991580084086,260.0
286,2023-07-12,370144.2631658202,232291,1.5934507284648145,0.0
287,2023-07-13,339912.0619342252,232291,1.4633027622001076,0.0
288,2023-07-14,341070.49527324433,232291,1.468289754115503,0.0
289,2023-07-15,336041.49145732523,232291,1.4466401688284316,0.0
290,2023-07-16,407082.3731944846,232291,1.7524672638823056,0.0
291,2023-07-17,305800.7345880713,232291,1.3164553710133897,20.0
292,2023-07-18,275541.1553159677,232291,1.1861895437876098,0.0
293,2023-07-19,237148.58688528524,232291,1.0209116448131235,0.0
294,2023-07-20,253450.49888061045,232291,1.091090480821945,90.0
295,2023-07-21,259264.91023361924,232291,1.116121202429794,90.0
296,2023-07-22,257711.2064347576,232291,1.109432592888909,90.0
297,2023-07-23,268321.90825936256,232291,1.1551110816147099,90.0
298,2023-07-24,269403.34085945133,232291,1.159766589577088,60.0
299,2023-07-25,177970.95232599822,232291,0.766155177454134,40.0
300,2023-07-26,2315536.9691286744,291506,7.943359550502132,100.0
301,2023-07-27,898712.158774714,291506,3.0829971210702833,80.0
302,2023-07-28,728566.8573307054,291506,2.49932027927626,80.0
303,2023-07-29,686409.3450740487,291506,2.3547005724549366,80.0
304,2023-07-30,635104.4932240386,291506,2.17870127278354,80.0
305,2023-07-31,716077.9874063884,291506,2.4564776965358806,0.0
306,2023-08-01,1384144.8032173917,291506,4.748254935464079,0.0
307,2023-08-02,645441.7047156731,291506,2.2141626749215217,70.0
308,2023-08-03,548428.8649446988,291506,1.8813638996957138,90.0
309,2023-08-04,862907.5416532494,291506,2.96017077402609,370.0
310,2023-08-05,588726.604234337,291506,2.0196037276568477,70.0
311,2023-08-06,516058.2883017852,291506,1.7703178950065699,70.0
312,2023-08-07,437928.68365647976,291506,1.5022973237479837,70.0
313,2023-08-08,423320.05535037257,291506,1.4521829922896015,0.0
314,2023-08-09,379727.0408035645,291506,1.3026388506705333,0.0
315,2023-08-10,375299.3137397199,291506,1.2874497051166012,20.0
316,2023-08-11,363930.135601721,291506,1.2484481815184627,0.0
317,2023-08-12,373969.0816175129,291506,1.2828863955373575,0.0
318,2023-08-13,369228.73405492416,291506,1.2666248175163604,0.0
319,2023-08-14,341056.2041094312,291506,1.1699800488135106,0.0
320,2023-08-15,185954.96666620905,291506,0.637911283699852,1560.0
321,2023-08-16,47885.16639436062,291506,0.16426820166432463,0.0
322,2023-08-17,1933791.009009868,327050,5.912829870080624,20.0
323,2023-08-18,1385083.7781878393,327050,4.235082642372235,0.0
324,2023-08-19,1181433.3919966735,327050,3.6123937991031143,0.0
325,2023-08-20,1056305.5209088277,327050,3.2297982599260897,0.0
326,2023-08-21,852622.9731304806,327050,2.60701107821581,0.0
327,2023-08-22,766521.5800078706,327050,2.343744320464365,0.0
328,2023-08-23,680397.6737742336,327050,2.080408725804108,0.0
329,2023-08-24,766264.2873104196,327050,2.342957612935085,400.0
330,2023-08-25,664892.5725940941,327050,2.032999763320881,0.0
331,2023-08-26,757035.5198687249,327050,2.3147393972442285,300.0
332,2023-08-27,657421.4358918614,327050,2.0101557434394173,0.0
333,2023-08-28,726647.6442204056,327050,2.22182432111422,300.0
334,2023-08-29,535776.664695758,327050,1.6382102574400184,0.0
335,2023-08-30,457667.4259877189,327050,1.399380602316829,0.0
336,2023-08-31,552851.2513303484,327050,1.6904181358518526,0.0
337,2023-09-01,1167271.0370813564,327050,3.5690904665383165,0.0
338,2023-09-02,687532.7218904209,327050,2.10222510897545,0.0
339,2023-09-03,573595.4750623334,327050,1.753846430400041,20.0
340,2023-09-04,517898.0383816334,327050,1.5835439179991848,70.0
341,2023-09-05,320134.8307240178,327050,0.9788559263843993,110.0
342,2023-09-06,2107643.6826426336,286662,7.352365094231651,70.0
343,2023-09-07,846766.9009569783,286662,2.953886113112231,70.0
344,2023-09-08,772903.7602044605,286662,2.6962197996402053,70.0
345,2023-09-09,780076.0877876563,286662,2.7212399543282904,70.0
346,2023-09-10,632893.8118807044,286662,2.2078050522242374,20.0
347,2023-09-11,480606.7583675639,286662,1.6765624964856307,0.0
348,2023-09-12,409161.2376597024,286662,1.4273298786016368,0.0
349,2023-09-13,369917.2326112261,286662,1.290429957968709,0.0
350,2023-09-14,379916.4170787247,286662,1.3253114018555816,70.0
351,2023-09-15,705310.6537621836,286662,2.4604260549433956,370.0
352,2023-09-16,615631.90615057,286662,2.147588121727226,70.0
353,2023-09-17,452970.9452806165,286662,1.5801569279521406,90.0
354,2023-09-18,362700.5299490325,286662,1.265255003973434,70.0
355,2023-09-19,335653.0975391667,286662,1.1709019595871328,70.0
356,2023-09-20,285588.14730101085,286662,0.9962539412304765,0.0
357,2023-09-21,269782.4015705813,286662,0.9411167213323751,0.0
358,2023-09-22,271251.7097418409,286662,0.9462422983926746,0.0
359,2023-09-23,309060.92056938924,286662,1.0781370414264508,0.0
360,2023-09-24,311948.5877471333,286662,1.0882104630091651,0.0
361,2023-09-25,247675.39462246775,286662,0.8639979998132565,0.0
362,2023-09-26,126307.91004211,286662,0.44061616134021947,1140.0
363,2023-09-27,59322.90653424713,286662,0.20694374048268388,0.0
364,2023-09-28,2889254.3625568,361747,7.9869476804418555,460.0
365,2023-09-29,2504952.9585681893,361747,6.924599121950394,620.0
366,2023-09-30,2389715.86640822,361747,6.60604197521533,460.0
367,2023-10-01,3332432.568735632,361747,9.21205308885943,780.0
368,2023-10-02,1497394.330795755,361747,4.139341392729601,60.0
369,2023-10-03,1454227.180753376,361747,4.020011722981465,400.0
370,2023-10-04,1204914.7074709476,361747,3.3308215616741745,60.0
371,2023-10-05,1618717.1162063454,361747,4.474721604343216,800.0
372,2023-10-06,1078458.4226228886,361747,2.981250494469584,70.0
373,2023-10-07,1021337.6142179609,361747,2.823347848684193,70.0
374,2023-10-08,925864.7267576206,361747,2.5594261369344338,70.0
375,2023-10-09,748776.7725105028,361747,2.069890759316602,70.0
376,2023-10-10,667889.763006185,361747,1.8462897080174403,90.0
377,2023-10-11,600693.631104293,361747,1.660535211361236,70.0
378,2023-10-12,629819.0139410221,361747,1.7410483402516734,240.0
379,2023-10-13,607648.0466324984,361747,1.6797597399079975,0.0
380,2023-10-14,657621.2183620712,361747,1.8179037237684659,240.0
381,2023-10-15,623535.4622357199,361747,1.723678322793886,0.0
382,2023-10-16,742567.4177257061,361747,2.0527258490760287,240.0
383,2023-10-17,414791.70100880327,361747,1.1466348055652245,60.0
384,2023-10-18,2350676.063089031,240268,9.783558622409272,270.0
385,2023-10-19,934380.975575161,240268,3.8889114471138937,0.0
386,2023-10-20,720573.4858811793,240268,2.99904059583956,0.0
387,2023-10-21,667268.5582384729,240268,2.7771844700021346,0.0
388,2023-10-22,546177.9627371207,240268,2.2732031012749125,0.0
389,2023-10-23,470054.8989965705,240268,1.9563774576579922,100.0
390,2023-10-24,432767.3572664295,240268,1.8011859975794926,80.0
391,2023-10-25,420964.8172425022,240268,1.7520636008228403,80.0
392,2023-10-26,378019.6990487032,240268,1.5733251995634174,80.0
393,2023-10-27,396394.6783588318,240268,1.649802214022807,380.0
394,2023-10-28,370789.8539112584,240268,1.5432344461653587,0.0
395,2023-10-29,341464.0475765969,240268,1.4211798807023694,0.0
396,2023-10-30,348760.28098965995,240268,1.451546943370153,0.0
397,2023-10-31,364876.43970253534,240268,1.5186227034084245,0.0
398,2023-11-01,826234.4745931224,240268,3.438803646732492,0.0
399,2023-11-02,391707.01840969344,240268,1.6302920838800565,0.0
400,2023-11-03,513493.8811919194,240268,2.1371713303141466,20.0
401,2023-11-04,342629.8904655018,240268,1.426032141048753,0.0
402,2023-11-05,297552.2513207477,240268,1.2384181469057374,0.0
403,2023-11-06,244218.17760581872,240268,1.016440714559653,0.0
404,2023-11-07,130300.7543237007,240268,0.5423142254636518,920.0
405,2023-11-08,76328.70547234318,240268,0.3176815284280186,60.0
406,2023-11-09,4716061.8931556605,366502,12.867765777964815,60.0
407,2023-11-10,3529668.5871872203,366502,9.63069393123972,80.0
408,2023-11-11,3056997.151799229,366502,8.341010831589537,60.0
409,2023-11-12,2541221.0615787557,366502,6.9337167643798825,60.0
410,2023-11-13,1925082.1731236724,366502,5.252582995791762,60.0
411,2023-11-14,1726538.884011416,366502,4.710858014448532,60.0
412,2023-11-15,1533548.2250619535,366502,4.184283373793195,0.0
413,2023-11-16,1869959.656707236,366502,5.102181316083503,0.0
414,2023-11-17,1485364.745835087,366502,4.052814843670941,80.0
415,2023-11-18,1456742.6761897146,366502,3.974719581856892,60.0
416,2023-11-19,1328177.9316511804,366502,3.623930924391082,60.0
417,2023-11-20,1196023.4665618362,366502,3.263347721327131,60.0
418,2023-11-21,1077961.805559482,366502,2.941216707028835,60.0
419,2023-11-22,945006.7721028244,366502,2.578449154719004,60.0
420,2023-11-23,1045479.2692099224,366502,2.8525881692594375,300.0
421,2023-11-24,1132927.9427321574,366502,3.0911917062721552,160.0
422,2023-11-25,1222038.4374716722,366502,3.3343295192704874,310.0
423,2023-11-26,1256362.5144679083,366502,3.4279826971419207,200.0
424,2023-11-27,1194251.946472067,366502,3.258514132179543,90.0
425,2023-11-28,773061.9585413033,366502,2.1092980626062157,40.0
426,2023-11-29,720312.0069781675,202021,3.5655303506970437,0.0
427,2023-11-30,373737.36348184734,202021,1.8499926417642094,0.0
428,2023-12-01,788373.1962742743,202021,3.9024319069516253,0.0
429,2023-12-02,531039.2627773194,202021,2.628633967643559,0.0
430,2023-12-03,448699.5108688278,202021,2.2210538056381655,20.0
431,2023-12-04,380703.2631172552,202021,1.8844737087592636,70.0
432,2023-12-05,339268.1070801483,202021,1.6793704965332727,70.0
433,2023-12-06,263587.92676680913,202021,1.3047550837131245,70.0
434,2023-12-07,219727.8779630404,202021,1.0876486997046861,70.0
435,2023-12-08,392047.2031039934,202021,1.9406259898921072,370.0
436,2023-12-09,334788.3658194532,202021,1.657195864882627,70.0
437,2023-12-10,338072.2024109912,202021,1.6734507918037786,20.0
438,2023-12-11,271929.8519590443,202021,1.3460474503098405,0.0
439,2023-12-12,248825.3658508207,202021,1.231680695822814,0.0
440,2023-12-13,175502.68613528716,202021,0.8687348648669553,0.0
441,2023-12-14,151790.44519519684,202021,0.7513597358452677,0.0
442,2023-12-15,149457.45084061168,202021,0.7398114594057632,0.0
443,2023-12-16,197663.6818795241,202021,0.9784313604997704,0.0
444,2023-12-17,156552.00825292684,202021,0.7749293798809374,20.0
445,2023-12-18,142954.71920206997,202021,0.7076230649391398,0.0
446,2023-12-19,65160.87541096854,202021,0.3225450592313103,700.0
447,2023-12-20,28668.628631422765,202021,0.1419091511843955,0.0
448,2023-12-21,1916124.381027733,279224,6.862319789945467,150.0
449,2023-12-22,1202329.2357883183,279224,4.305966663998504,120.0
450,2023-12-23,1021709.915235209,279224,3.659104930934336,210.0
451,2023-12-24,780092.674934635,279224,2.7937880516525624,120.0
452,2023-12-25,782463.302325864,279224,2.8022781076335272,190.0
453,2023-12-26,620119.1559543348,279224,2.220866243425833,120.0
454,2023-12-27,656088.281363857,279224,2.3496844159665966,90.0
455,2023-12-28,559424.2344023725,279224,2.003496241019298,0.0
456,2023-12-29,525063.4767727515,279224,1.8804382029222113,0.0
457,2023-12-30,466049.3376637667,279224,1.669087677505396,0.0
458,2023-12-31,575136.3106408633,279224,2.0597667487066413,0.0
459,2024-01-01,1223994.5595912775,279224,4.383557858892063,0.0
460,2024-01-02,697528.5251336833,279224,2.4980966003412433,60.0
461,2024-01-03,570858.1285722869,279224,2.044445064078614,80.0
462,2024-01-04,494615.0165982695,279224,1.7713914871152534,60.0
463,2024-01-05,473660.4998828731,279224,1.696345944055214,60.0
464,2024-01-06,450405.86479029554,279224,1.613062862756409,60.0
465,2024-01-07,466384.7318927509,279224,1.6702888429818028,60.0
466,2024-01-08,390471.2972006327,279224,1.398415957083319,60.0
467,2024-01-09,237670.64116292525,279224,0.8511827105224667,40.0
468,2024-01-10,3180584.56371361,281280,11.30753897793519,120.0
469,2024-01-11,1198615.7220274748,281280,4.261290251804162,80.0
470,2024-01-12,931770.9557426884,281280,3.3126100531238922,80.0
471,2024-01-13,863652.1158464309,281280,3.0704355654381077,80.0
472,2024-01-14,783928.5334615114,281280,2.787004171862597,80.0
473,2024-01-15,630142.4250755974,281280,2.2402674384086936,0.0
474,2024-01-16,724488.2876270676,281280,2.5756836164216,0.0
475,2024-01-17,543782.9676289828,281280,1.9332443388402405,120.0
476,2024-01-18,551447.8179616573,281280,1.9604942333676667,80.0
477,2024-01-19,830662.2886141887,281280,2.953150912308691,380.0
478,2024-01-20,601957.3030971556,281280,2.1400643597026296,80.0
479,2024-01-21,525417.112956829,281280,1.8679504869056778,80.0
480,2024-01-22,421676.7738770575,281280,1.4991352882432363,40.0
481,2024-01-23,383944.859951913,281280,1.3649916807164142,40.0
482,2024-01-24,371661.4676545953,281280,1.3213220550860187,40.0
483,2024-01-25,371136.8256578788,281280,1.3194568602740289,40.0
484,2024-01-26,411249.93729070114,281280,1.4620660455443015,470.0
485,2024-01-27,391743.40937407344,281280,1.3927168990830257,40.0
486,2024-01-28,379617.4096757707,281280,1.3496068318962269,350.0
487,2024-01-29,339077.8148714239,281280,1.2054814237465297,0.0
488,2024-01-30,171310.84346978355,281280,0.6090402569318243,780.0
489,2024-01-31,61171.564423608295,281280,0.21747569832056418,0.0
490,2024-02-01,3295919.0935942456,308434,10.685978502999816,0.0
491,2024-02-02,1826583.3277558568,308434,5.9221205436361,0.0
492,2024-02-03,1566166.5937946162,308434,5.077801389582913,180.0
493,2024-02-04,1135194.3903324534,308434,3.6805098994678063,0.0
494,2024-02-05,1324389.758567034,308434,4.2939162302697955,600.0
495,2024-02-06,957670.9416874064,308434,3.1049460879390938,0.0
496,2024-02-07,1280118.2166788385,308434,4.150379713905855,650.0
497,2024-02-08,958884.5551536185,308434,3.1088808469676446,0.0
498,2024-02-09,1747316.6236722465,308434,5.665123247347071,1110.0
499,2024-02-10,1001118.6206481477,308434,3.2458114885134184,20.0
500,2024-02-11,801458.608883111,308434,2.598476850422168,80.0
501,2024-02-12,634997.1043909246,308434,2.0587779051301887,0.0
502,2024-02-13,569705.9673901536,308434,1.8470919788030942,0.0
503,2024-02-14,515524.3050957501,308434,1.6714250215467494,0.0
504,2024-02-15,546108.6319257158,308434,1.7705850584751222,100.0
505,2024-02-16,765657.0116298612,308434,2.4824014590799366,80.0
506,2024-02-17,662598.0968124347,308434,2.1482654208434697,100.0
507,2024-02-18,618938.1147126957,308434,2.0067116942772056,80.0
508,2024-02-19,613739.8565108143,308434,1.9898579809969532,80.0
509,2024-02-20,365752.36229165207,308434,1.1858367180390361,200.0
510,2024-02-21,851216.9131329975,184031,4.625399596442977,105.0
511,2024-02-22,355081.15591789223,184031,1.9294638181496173,160.0
512,2024-02-23,369388.0809097437,184031,2.007205747454199,105.0
513,2024-02-24,388508.6623900409,184031,2.111104446479348,160.0
514,2024-02-25,364214.7605369944,184031,1.979094611978386,105.0
515,2024-02-26,320607.83711795334,184031,1.7421403845979935,0.0
516,2024-02-27,278870.9004626895,184031,1.5153474168085241,105.0
517,2024-02-28,289266.646609366,184031,1.571836519985035,0.0
518,2024-02-29,297006.71957341774,184031,1.6138950479724488,60.0
519,2024-03-01,834821.017831575,184031,4.536306480058116,300.0
520,2024-03-02,378553.5376809613,184031,2.057009621645056,120.0
521,2024-03-03,261952.0989973721,184031,1.4234128978127167,20.0
522,2024-03-04,217390.9381878726,184031,1.181273471251434,120.0
523,2024-03-05,180658.77093374715,184031,0.9816757553550606,0.0
524,2024-03-06,185005.2625244998,184031,1.0052940130983357,60.0
525,2024-03-07,161579.33181659906,184031,0.8780006184642754,0.0
526,2024-03-08,165409.5531084806,184031,0.898813532005372,0.0
527,2024-03-09,166174.00475925117,184031,0.9029674606954871,0.0
528,2024-03-10,157684.0790474818,184031,0.8568343325172487,20.0
529,2024-03-11,137362.40599783158,184031,0.7464090615050267,0.0
530,2024-03-12,62444.81704931376,184031,0.3393168381920098,760.0
531,2024-03-13,14325.505413918783,184031,0.07784289284913294,0.0
532,2024-03-14,800391.7973573811,157330,5.08734378286011,280.0
533,2024-03-15,554988.795274701,157330,3.527545892548789,0.0
534,2024-03-16,649371.9162094388,157330,4.127451320215082,280.0
535,2024-03-17,422585.8333040729,157330,2.6859838130304006,20.0
536,2024-03-18,360965.6540292589,157330,2.2943218332756556,280.0
537,2024-03-19,291872.37194213684,157330,1.8551603123507077,0.0
538,2024-03-20,254014.59331475428,157330,1.6145337400035231,160.0
539,2024-03-21,223054.59594947772,157330,1.417749926584108,0.0
540,2024-03-22,240990.8530110598,157330,1.5317539757901215,60.0
541,2024-03-23,247143.14719403072,157330,1.570858368995301,60.0
542,2024-03-24,227673.3745919453,157330,1.447107192474069,60.0
543,2024-03-25,215642.26654036,157330,1.3706366652282462,60.0
544,2024-03-26,191650.9527409116,157330,1.21814627052,60.0
545,2024-03-27,175736.42422546225,157330,1.1169924631377504,60.0
546,2024-03-28,204356.64556790984,157330,1.298904503705014,60.0
547,2024-03-29,186550.03843313392,157330,1.1857245181029297,60.0
548,2024-03-30,185709.33968900057,157330,1.1803809806712042,0.0
549,2024-03-31,225680.00696730136,157330,1.4344372145636646,0.0
550,2024-04-01,485235.1088729103,157330,3.0841867976413293,80.0
551,2024-04-02,167355.7719255114,157330,1.0637244767400458,120.0
552,2024-04-03,2912155.5622451305,218800,13.309668931650505,100.0
553,2024-04-04,974106.1736610176,218800,4.452039184922384,80.0
554,2024-04-05,836458.8517377486,218800,3.8229380792401675,100.0
555,2024-04-06,699948.6180078277,218800,3.1990339031436363,0.0
556,2024-04-07,598622.8755064987,218800,2.7359363597189157,0.0
557,2024-04-08,527306.9409145263,218800,2.4099951595727895,80.0
558,2024-04-09,495045.32556654,218800,2.262547191803199,80.0
559,2024-04-10,462092.1369075173,218800,2.111938468498708,100.0
560,2024-04-11,431929.4745197108,218800,1.9740835215708903,80.0
561,2024-04-12,783867.5907559065,218800,3.5825758261238874,400.0
562,2024-04-13,530155.2536349125,218800,2.4230130422070957,0.0
563,2024-04-14,422260.4967182428,218800,1.929892580979172,0.0
564,2024-04-15,376681.9009550478,218800,1.7215809001601818,0.0
565,2024-04-16,474063.2522807634,218800,2.166651061612264,0.0
566,2024-04-17,349596.83300530247,218800,1.597791741340505,20.0
567,2024-04-18,316496.3821048463,218800,1.4465099730568844,0.0
568,2024-04-19,313014.2825225941,218800,1.4305954411453112,0.0
569,2024-04-20,321441.78370640683,218800,1.4691123569762652,0.0
570,2024-04-21,313237.97200325265,218800,1.4316177879490524,0.0
571,2024-04-22,299369.2242024195,218800,1.368232286117091,0.0
572,2024-04-23,154759.56719365172,218800,0.7073106361684265,700.0
573,2024-04-24,63559.50185013543,218800,0.29049132472639594,0.0
574,2024-04-25,2978162.09566501,331380,8.98715099180702,0.0
575,2024-04-26,1928128.9515501063,331380,5.818483166003097,0.0
576,2024-04-27,1630888.8973554163,331380,4.921506721453969,0.0
577,2024-04-28,1364789.924974357,331380,4.118504209591276,70.0
578,2024-04-29,1111359.6197764724,331380,3.353731727251109,70.0
579,2024-04-30,1316421.143540775,331380,3.9725425298472294,70.0
580,2024-05-01,2597142.1728311437,331380,7.837353409472943,70.0
581,2024-05-02,1283440.4151353496,331380,3.87301712576302,70.0
582,2024-05-03,1080324.0222857662,331380,3.2600761128787683,90.0
583,2024-05-04,934008.8276443112,331380,2.818543145767129,0.0
584,2024-05-05,833788.172434196,331380,2.5161089155476977,0.0
585,2024-05-06,805288.4180665832,331380,2.430105673446144,240.0
586,2024-05-07,727801.7441330537,331380,2.1962754062799617,60.0
587,2024-05-08,732681.4489115191,331380,2.211000811489888,190.0
588,2024-05-09,700955.9839488897,331380,2.1152633953433813,90.0
589,2024-05-10,825851.5319773925,331380,2.4921586455953664,290.0
590,2024-05-11,732263.73099274,331380,2.209740270966081,90.0
591,2024-05-12,704510.8056314293,331380,2.1259907225283037,60.0
592,2024-05-13,654106.1767654137,331380,1.9738854993222696,0.0
593,2024-05-14,487261.6231964851,331380,1.4704014219219177,220.0
594,2024-05-15,749494.9184980836,176189,4.253925718961363,100.0
595,2024-05-16,450152.7927322197,176189,2.5549426623240934,80.0
596,2024-05-17,363777.6224736194,176189,2.064701102075722,100.0
597,2024-05-18,335413.414510008,176189,1.9037137080635453,40.0
598,2024-05-19,289879.084263001,176189,1.6452734521621724,0.0
599,2024-05-20,241131.83111105856,176189,1.368597535096167,0.0
600,2024-05-21,214097.3798109592,176189,1.2151574718680462,0.0
601,2024-05-22,219842.6105238253,176189,1.2477658112812111,105.0
602,2024-05-23,170484.2463213931,176189,0.9676213970304224,0.0
603,2024-05-24,325151.7321707756,176189,1.8454712392418118,405.0
604,2024-05-25,226158.29897695547,176189,1.2836119109419741,0.0
605,2024-05-26,214199.66878507545,176189,1.2157380357745118,105.0
606,2024-05-27,161940.494188473,176189,0.9191294245865123,0.0
607,2024-05-28,166716.60244144232,176189,0.9462372931422638,105.0
608,2024-05-29,142859.66632446885,176189,0.8108319266496141,0.0
609,2024-05-30,138003.5628481522,176189,0.7832700273464984,0.0
610,2024-05-31,174501.05565111438,176189,0.9904196950497158,0.0
611,2024-06-01,444996.3793190745,176189,2.5256762869366107,0.0
612,2024-06-02,224929.51989045567,176189,1.276637700937378,0.0
613,2024-06-03,171293.37833459518,176189,0.9722138063931073,20.0
614,2024-06-04,79862.77223986182,176189,0.4532789915367124,920.0
615,2024-06-05,37863.96858538778,176189,0.21490540604344074,0.0
616,2024-06-06,1789005.102882214,278373,6.426647350433461,0.0
617,2024-06-07,1552950.9096298732,278373,5.5786693020870315,420.0
618,2024-06-08,1087598.3086547058,278373,3.906982030062922,0.0
619,2024-06-09,1118698.5574917395,278373,4.018703529048218,380.0
620,2024-06-10,783353.7942769588,278373,2.8140437264999076,20.0
621,2024-06-11,805124.6250018069,278373,2.8922511342759782,200.0
622,2024-06-12,648936.203409358,278373,2.3311750902902153,0.0
623,2024-06-13,578373.5883046861,278373,2.07769283768428,0.0
624,2024-06-14,569667.8821704435,278373,2.0464193085193014,0.0
625,2024-06-15,591443.0898214526,278373,2.124642439537788,0.0
626,2024-06-16,904456.7757627768,278373,3.2490822592808097,0.0
627,2024-06-17,546945.0700055765,278373,1.9647920955177998,20.0
628,2024-06-18,519212.8658494371,278373,1.865169631571442,140.0
629,2024-06-19,482416.0476138526,278373,1.7329843325820127,140.0
630,2024-06-20,539263.5645930095,278373,1.937197805078113,140.0
631,2024-06-21,409997.6158169138,278373,1.4728354251917886,0.0
632,2024-06-22,410374.0314667605,278373,1.474187624039546,0.0
633,2024-06-23,400471.2360274824,278373,1.4386137880738519,0.0
634,2024-06-24,351998.9672574121,278373,1.2644867399403394,0.0
635,2024-06-25,290592.88168156653,278373,1.0438975104682082,200.0
636,2024-06-26,2500898.026667763,256384,9.754501164923564,100.0
637,2024-06-27,855066.5353757683,256384,3.3351010023081327,100.0
638,2024-06-28,751716.7948474649,256384,2.9319957362685067,120.0
639,2024-06-29,578937.44629944,256384,2.258087268704131,0.0
640,2024-06-30,653072.2013089276,256384,2.547242422728905,0.0
641,2024-07-01,2240634.070708949,256384,8.739367787026293,1100.0
642,2024-07-02,884081.8704877348,256384,3.4482723979957206,120.0
643,2024-07-03,667131.0484621116,256384,2.60207754174251,120.0
644,2024-07-04,519991.8427149847,256384,2.0281758717977123,100.0
645,2024-07-05,838299.0453013123,256384,3.2697010940671505,400.0
646,2024-07-06,547565.6075664713,256384,2.135724567704971,0.0
647,2024-07-07,433768.0197631975,256384,1.6918685244133702,0.0
648,2024-07-08,365333.519676828,256384,1.424946641275696,0.0
649,2024-07-09,355247.24400481326,256384,1.3856061376872708,0.0
650,2024-07-10,317780.5656863706,256384,1.2394711280203545,20.0
651,2024-07-11,313029.829233623,256384,1.2209413584062305,0.0
652,2024-07-12,329809.89571166,256384,1.2863903196442055,0.0
653,2024-07-13,322102.1323669143,256384,1.2563269641120909,0.0
654,2024-07-14,317246.0685341753,256384,1.23738637564815,0.0
655,2024-07-15,352582.6184960749,256384,1.3752130339493687,0.0
656,2024-07-16,288238.59367444704,256384,1.1242456380836832,940.0
657,2024-07-17,37616.0231109678,256384,0.14671751400620864,20.0
658,2024-07-18,2087934.311075596,222323,9.391445379360642,0.0
659,2024-07-19,926689.3883602868,222323,4.168211963495845,300.0
660,2024-07-20,584059.5754312936,222323,2.627076710152767,0.0
661,2024-07-21,536476.5173719922,222323,2.4130500099944325,240.0
662,2024-07-22,394367.4994803617,222323,1.7738493070009027,0.0
663,2024-07-23,374342.3888667346,222323,1.6837771569596245,160.0
664,2024-07-24,325823.93614522874,222323,1.46554308886273,0.0
665,2024-07-25,288501.83106479835,222323,1.297669746561527,0.0
666,2024-07-26,313165.59077718743,222323,1.4086063555151174,0.0
667,2024-07-27,276703.65134970983,222323,1.2446020040648509,0.0
668,2024-07-28,259189.48634676496,222323,1.1658239873821645,0.0
669,2024-07-29,238343.95370771424,222323,1.0720616117437882,460.0
670,2024-07-30,237655.53730229815,222323,1.0689651421683684,60.0
671,2024-07-31,273258.7304920919,222323,1.2291068872410498,0.0
672,2024-08-01,724737.8227318741,222323,3.2598418640081057,60.0
673,2024-08-02,350362.7873139548,222323,1.5759178641613993,60.0
674,2024-08-03,311734.8201861372,222323,1.4021708063769256,80.0
675,2024-08-04,299632.8856035043,222323,1.347736786583054,60.0
676,2024-08-05,260654.3229042688,222323,1.1724127638807897,60.0
677,2024-08-06,190376.2341105412,222323,0.8563047193072296,260.0
678,2024-08-07,1806454.6866859128,230214,7.846849829662457,140.0
679,2024-08-08,686238.2151019949,230214,2.9808709075121187,90.0
680,2024-08-09,566046.0432133882,230214,2.4587820167904133,30.0
681,2024-08-10,474880.9913683213,230214,2.0627806795777897,20.0
682,2024-08-11,437613.1908651135,230214,1.9008973861933398,0.0
683,2024-08-12,401754.4883820559,230214,1.7451349109179106,70.0
684,2024-08-13,354952.090447386,230214,1.5418353811991714,70.0
685,2024-08-14,322194.30112332135,230214,1.3995426043738493,70.0
686,2024-08-15,332609.95878182,230214,1.4447859764472188,70.0
687,2024-08-16,816754.7973250777,230214,3.5478068115973733,370.0
688,2024-08-17,492891.1189294765,230214,2.1410127921389512,90.0
689,2024-08-18,395337.2585450662,230214,1.7172598475551712,0.0
690,2024-08-19,313711.2917047739,230214,1.3626942397281394,0.0
691,2024-08-20,289351.24790631764,230214,1.2568794595737776,0.0
692,2024-08-21,263994.9628324686,230214,1.1467372220302354,0.0
693,2024-08-22,267065.9588360443,230214,1.1600769668049915,0.0
694,2024-08-23,285318.4153560789,230214,1.2393617041364942,0.0
695,2024-08-24,277195.9076603087,230214,1.204079281278761,0.0
696,2024-08-25,308513.1859510351,230214,1.3401147886359437,0.0
697,2024-08-26,357035.8203221941,230214,1.550886654687352,200.0
698,2024-08-27,195942.40940496055,230214,0.8511315967098463,2280.0
699,2024-08-28,64583.659256883526,230214,0.28053749666346756,200.0
700,2024-08-29,2462926.952200506,317472,7.7579344074454,200.0
701,2024-08-30,2057841.2936498788,317472,6.48196153881249,700.0
702,2024-08-31,1651202.8977099273,317472,5.201097727389903,0.0
703,2024-09-01,2721628.685477987,317472,8.572814879668087,1000.0
704,2024-09-02,1259099.0647870146,317472,3.9660161046864437,0.0
705,2024-09-03,1111637.6338709735,317472,3.5015296904009596,340.0
706,2024-09-04,874683.634573665,317472,2.755152059311262,0.0
707,2024-09-05,1213512.890826701,317472,3.8224249408662843,800.0
708,2024-09-06,846491.2562169941,317472,2.666349335427988,0.0
709,2024-09-07,783238.3812937019,317472,2.467110111423061,0.0
710,2024-09-08,689995.7168539756,317472,2.1734065267298392,0.0
711,2024-09-09,539604.4743790883,317472,1.6996915456452484,70.0
712,2024-09-10,469916.3656089297,317472,1.480182080967549,90.0
713,2024-09-11,442759.1455118084,317472,1.3946399856107259,70.0
714,2024-09-12,422002.65398623503,317472,1.3292594433091265,70.0
715,2024-09-13,428889.5932554501,317472,1.3509525037025314,70.0
716,2024-09-14,464495.9005407432,317472,1.4631082443199501,70.0
717,2024-09-15,461464.1415775473,317472,1.4535585550144494,0.0
718,2024-09-16,522795.7000342515,317472,1.6467458548604335,0.0
719,2024-09-17,288004.5541307594,317472,0.9071809612525179,180.0
720,2024-09-18,3322748.2785126376,309336,10.7415505421698,0.0
721,2024-09-19,1149099.6300394677,309336,3.7147297115093867,0.0
722,2024-09-20,966781.1579209516,309336,3.125343179975663,100.0
723,2024-09-21,912906.3420192392,309336,2.951180405834559,80.0
724,2024-09-22,821560.1830319391,309336,2.6558828685699014,80.0
725,2024-09-23,624092.2779942908,309336,2.0175222993582733,80.0
726,2024-09-24,581850.8510741073,309336,1.8809671395314718,80.0
727,2024-09-25,504070.406695776,309336,1.629523905060439,0.0
728,2024-09-26,482076.5975338163,309336,1.5584238418218905,0.0
729,2024-09-27,854671.5685385515,309336,2.7629230627490866,300.0
730,2024-09-28,1080802.5666180106,309336,3.493943694293618,460.0
731,2024-09-29,1018204.6807409964,309336,3.2915815835887074,460.0
732,2024-09-30,1034663.3628607618,309336,3.3447880714199507,460.0
733,2024-10-01,1800736.6183246672,309336,5.821296642888856,460.0
734,2024-10-02,738194.1345337987,309336,2.386382879890471,60.0
735,2024-10-03,604953.5785349165,309336,1.9556520370565227,140.0
736,2024-10-04,541749.9677265249,309336,1.751331780738501,0.0
737,2024-10-05,556770.0531342694,309336,1.799887672738606,0.0
738,2024-10-06,520134.736646676,309336,1.6814555585081465,0.0
739,2024-10-07,568804.1039193652,309336,1.838790518786579,0.0
740,2024-10-08,236978.837540608,309336,0.7660887757668295,2100.0
741,2024-10-09,67431.06605862833,309336,0.2179864809095234,0.0
742,2024-10-10,2564909.6904727863,290609,8.82598161265751,120.0
743,2024-10-11,1727036.768242327,290609,5.942819280346882,80.0
744,2024-10-12,1448899.0717071637,290609,4.985733654866723,80.0
745,2024-10-13,1241147.0714152565,290609,4.270848705357564,80.0
746,2024-10-14,977490.3072528226,290609,3.3635926872630324,80.0
747,2024-10-15,870697.5368179721,290609,2.9961134611039992,0.0
748,2024-10-16,1187193.390373113,290609,4.085191409671115,0.0
749,2024-10-17,923985.5285449316,290609,3.179480086800242,180.0
750,2024-10-18,816294.9534415767,290609,2.8089114701938915,140.0
751,2024-10-19,856326.09281945,290609,2.9466606086509706,90.0
752,2024-10-20,763935.4231278998,290609,2.628739726326094,30.0
753,2024-10-21,577546.7944114283,290609,1.9873671992657773,0.0
754,2024-10-22,509977.1391527971,290609,1.7548566601612376,0.0
755,2024-10-23,520021.6026026251,290609,1.7894201576779283,210.0
756,2024-10-24,555410.4349140857,290609,1.911194886992783,170.0
757,2024-10-25,582504.4279955595,290609,2.0044266626138887,210.0
758,2024-10-26,643754.4142949136,290609,2.2151909070087767,170.0
759,2024-10-27,660867.4471836004,290609,2.2740777029741004,240.0
760,2024-10-28,563195.0583202635,290609,1.9379821627006166,0.0
761,2024-10-29,355035.7612763036,290609,1.2216956848421887,40.0
762,2024-10-30,1689518.7544596305,227041,7.441469842273556,0.0
763,2024-10-31,692280.1734904003,227041,3.049141668202661,0.0
764,2024-11-01,1368397.5172543195,227041,6.027094301268579,0.0
765,2024-11-02,721790.8413907428,227041,3.1791211340275227,0.0
766,2024-11-03,588036.4509917247,227041,2.5900011495356554,20.0
767,2024-11-04,476913.2868283442,227041,2.1005601932177194,70.0
768,2024-11-05,416721.1400972337,227041,1.8354444355743398,70.0
769,2024-11-06,397373.8233533978,227041,1.7502293566069467,70.0
770,2024-11-07,317488.60709418124,227041,1.3983756550322683,70.0
771,2024-11-08,512334.39824691793,227041,2.2565721532538965,70.0
772,2024-11-09,361270.10987145815,227041,1.5912108820497537,70.0
773,2024-11-10,298895.12045510585,227041,1.3164808138402573,20.0
774,2024-11-11,270053.6993603678,227041,1.1894490394262172,40.0
775,2024-11-12,249308.5323041608,227041,1.0980771415918746,40.0
776,2024-11-13,246388.182606978,227041,1.085214488162834,40.0
777,2024-11-14,235663.9106244881,227041,1.0379795306772261,40.0
778,2024-11-15,304940.60046848125,227041,1.3431080750546431,140.0
779,2024-11-16,464975.1703070863,227041,2.04797886860561,40.0
780,2024-11-17,325213.8817504483,227041,1.4324015563288055,60.0
781,2024-11-18,244147.46713810295,227041,1.0753452774525436,0.0
782,2024-11-19,121571.42748546592,227041,0.5354602361928723,1350.0
783,2024-11-20,41160.90442096348,227041,0.18129282561723867,0.0
784,2024-11-21,1474871.1708990731,267858,5.506168084952002,0.0
785,2024-11-22,1028901.7559901224,267858,3.841220930456146,70.0
786,2024-11-23,941795.8607643648,267858,3.5160266289017494,70.0
787,2024-11-24,799224.8471772361,267858,2.9837632147527278,70.0
788,2024-11-25,581060.6528086384,267858,2.169286162103198,70.0
789,2024-11-26,510745.87716480833,267858,1.9067785063907308,70.0
790,2024-11-27,479849.9380379535,267858,1.791434036086111,70.0
791,2024-11-28,472035.2470212242,267858,1.7622592829828647,220.0
792,2024-11-29,437280.80420485936,267858,1.6325097783335176,0.0
793,2024-11-30,608876.0686463092,267858,2.2731300489300645,320.0
794,2024-12-01,1125857.999468441,267858,4.203189747808319,240.0
795,2024-12-02,559901.6791405744,267858,2.090292913187489,0.0
796,2024-12-03,451097.8058886792,267858,1.68409308621986,240.0
797,2024-12-04,539637.5573679529,267858,2.0146404339909685,200.0
798,2024-12-05,506243.7080768221,267858,1.88997046224799,200.0
799,2024-12-06,508157.2607655167,267858,1.8971143694252803,200.0
800,2024-12-07,549398.943736171,267858,2.051082826483327,200.0
801,2024-12-08,500018.1205235394,267858,1.8667283430905157,200.0
802,2024-12-09,392119.5652711268,267858,1.463908359172124,0.0
803,2024-12-10,250439.9148780938,267858,0.9349726902989413,60.0
804,2024-12-11,2862865.3186459388,234193,12.224384668397171,105.0
805,2024-12-12,931427.9856128282,234193,3.97718115235224,105.0
806,2024-12-13,778417.5327989473,234193,3.3238292041134763,105.0
807,2024-12-14,758578.1970801388,234193,3.239115588767123,105.0
808,2024-12-15,644084.8819459789,234193,2.750231142459334,0.0
809,2024-12-16,791243.578557671,234193,3.378596194410896,0.0
810,2024-12-17,529247.345858749,234193,2.2598768787228867,20.0
811,2024-12-18,522432.4492558523,234193,2.2307773898274172,220.0
812,2024-12-19,432283.864285362,234193,1.845844514077543,0.0
813,2024-12-20,656234.3554865996,234193,2.8021091812590453,380.0
814,2024-12-21,522680.0170349075,234193,2.2318344998992603,0.0
815,2024-12-22,461427.3397553758,234193,1.9702866428773524,120.0
816,2024-12-23,352945.17377704295,234193,1.5070696979715148,0.0
817,2024-12-24,323321.82377639465,234193,1.3805785133475152,0.0
818,2024-12-25,337224.6198070366,234193,1.4399432084094597,0.0
819,2024-12-26,314797.69209618523,234193,1.34418062066836,0.0
820,2024-12-27,305010.2864749063,234193,1.3023885704308256,0.0
821,2024-12-28,301930.9502641921,234193,1.2892398588522804,0.0
822,2024-12-29,300504.8920300453,234193,1.2831506152192649,0.0
823,2024-12-30,308820.4563347493,234193,1.3186579288652918,0.0
824,2024-12-31,163142.07938822973,234193,0.6966138159049575,1630.0
825,2025-01-01,86869.15973286849,234193,0.37092978753792166,0.0
826,2025-01-02,5288654.433902965,334452,15.812895225332678,0.0
827,2025-01-03,3359791.385299765,334452,10.04566091785896,110.0
828,2025-01-04,2663281.462506345,334452,7.963120156274577,90.0
829,2025-01-05,2291998.365067814,334452,6.852996439153642,80.0
830,2025-01-06,1920301.6110567604,334452,5.741635903079547,80.0
831,2025-01-07,1713094.766356683,334452,5.1220945497610515,80.0
832,2025-01-08,1465660.4467312277,334452,4.382274427215946,0.0
833,2025-01-09,1370231.128955176,334452,4.096944042658367,140.0
834,2025-01-10,1289648.3216183672,334452,3.856004214710533,20.0
835,2025-01-11,1335418.7946155395,334452,3.9928563579094742,140.0
836,2025-01-12,1132501.443222039,334452,3.386140442341618,0.0
837,2025-01-13,1051946.2129900649,334452,3.145283068990662,140.0
838,2025-01-14,990138.400026692,334452,2.960479829771363,120.0
839,2025-01-15,926538.0752490576,334452,2.770317041755043,0.0
840,2025-01-16,1574860.7678579648,334452,4.708779639105058,100.0
841,2025-01-17,1101422.046073222,334452,3.293214111660932,20.0
842,2025-01-18,1120550.5287904495,334452,3.3504076184039846,100.0
843,2025-01-19,1001705.7420001244,334452,2.9950657852251577,0.0
844,2025-01-20,1097769.3331873764,334452,3.2822926255109146,100.0
845,2025-01-21,734857.1405709714,334452,2.1971976264784527,40.0
846,2025-01-22,1691553.7459480783,244466,6.919382433336653,160.0
847,2025-01-23,586360.5533407095,244466,2.398536210927939,0.0
848,2025-01-24,1030828.755644099,244466,4.216654895339634,600.0
849,2025-01-25,667569.4749822784,244466,2.730725233702349,0.0
850,2025-01-26,825524.7354866028,244466,3.376848868499516,320.0
851,2025-01-27,535239.2326289098,244466,2.189421975362258,0.0
852,2025-01-28,1019164.7346432756,244466,4.168942653143078,800.0
853,2025-01-29,525049.469572559,244466,2.1477402566105677,0.0
854,2025-01-30,425075.93803649145,244466,1.738793689251231,0.0
855,2025-01-31,536592.7367723499,244466,2.1949585495420627,300.0
856,2025-02-01,1436178.0342723718,244466,5.874755729927155,300.0
857,2025-02-02,777304.1599292739,244466,3.1796002713231037,300.0
858,2025-02-03,631542.3793995305,244466,2.5833546562692993,320.0
859,2025-02-04,624148.5312747763,244466,2.553109762808637,300.0
860,2025-02-05,618167.9007115555,244466,2.528645704153361,400.0
861,2025-02-06,379294.323867048,244466,1.5515217816262712,0.0
862,2025-02-07,365872.0744445988,244466,1.4966174210098697,0.0
863,2025-02-08,384992.3109179622,244466,1.5748296733204707,0.0
864,2025-02-09,344568.98079872644,244466,1.4094760858308577,0.0
865,2025-02-10,323847.09775562544,244466,1.3247122207408206,20.0
866,2025-02-11,167843.8025405173,244466,0.6865731943931561,790.0
867,2025-02-12,8190.027032660058,244466,0.033501701801723176,30.0
868,2025-02-13,238086.73083778797,121271,1.963261874955991,30.0
869,2025-02-14,201114.6066275996,121271,1.658389941763485,260.0
870,2025-02-15,202874.77477225667,121271,1.672904278617779,170.0
871,2025-02-16,284189.10071289784,121271,2.343421763759661,200.0
872,2025-02-17,188269.24609917897,121271,1.552467169390695,220.0
873,2025-02-18,161952.65565322855,121271,1.3354607090996904,230.0
874,2025-02-19,132585.4890086455,121271,1.093299214228014,0.0
875,2025-02-20,116805.5601088642,121271,0.9631780071811414,0.0
876,2025-02-21,112924.3105791485,121271,0.9311732448742774,0.0
877,2025-02-22,118011.46863433304,121271,0.97312192225951,0.0
878,2025-02-23,107540.6880764912,121271,0.8867799232833176,0.0
879,2025-02-24,96479.8430145007,121271,0.7955722556464505,80.0
880,2025-02-25,97289.03341460747,121271,0.802244835241793,80.0
881,2025-02-26,93377.707781525,121271,0.7699920655517395,80.0
882,2025-02-27,97672.8617813838,121271,0.8054098818463096,90.0
883,2025-02-28,124278.7556978149,121271,1.0248019369660917,90.0
884,2025-03-01,274526.0783597644,121271,2.2637405345034214,0.0
885,2025-03-02,154887.63575282728,121271,1.2772025938008862,0.0
886,2025-03-03,106393.49956235754,121271,0.8773202130959383,20.0
887,2025-03-04,52047.41297394746,121271,0.42918268154750483,40.0
888,2025-03-05,4070738.413500312,217924,18.679624151081622,70.0
889,2025-03-06,1018887.2009075196,217924,4.675424464067838,70.0
890,2025-03-07,887086.0937690444,217924,4.070621380706322,70.0
891,2025-03-08,764539.5642488633,217924,3.5082852932621615,70.0
892,2025-03-09,728808.9337152645,217924,3.344326158271987,70.0
893,2025-03-10,549280.0790790878,217924,2.5205121009117297,90.0
894,2025-03-11,470596.2670061291,217924,2.159451308741254,0.0
895,2025-03-12,473002.4571868856,217924,2.170492727679767,90.0
896,2025-03-13,452063.2289885904,217924,2.0744077246590114,80.0
897,2025-03-14,738813.8287017515,217924,3.390236177299203,380.0
898,2025-03-15,604835.4080332948,217924,2.7754419340379894,80.0
899,2025-03-16,885826.277073909,217924,4.064840389649185,90.0
900,2025-03-17,454449.5168518882,217924,2.0853578167245836,20.0
901,2025-03-18,383935.6060957246,217924,1.7617867058962051,0.0
902,2025-03-19,336418.82316308544,217924,1.5437437967506353,0.0
903,2025-03-20,334806.73544893094,217924,1.5363463200424503,0.0
904,2025-03-21,335095.319052082,217924,1.5376705597000881,0.0
905,2025-03-22,367458.4774716693,217924,1.6861771877887215,0.0
906,2025-03-23,360858.8690023654,217924,1.6558931967216342,0.0
907,2025-03-24,314860.6328918248,217924,1.4448185279814285,0.0
908,2025-03-25,180981.72381066156,217924,0.8304809190849175,1270.0
909,2025-03-26,64272.54400111621,217924,0.29493100347422135,0.0
910,2025-03-27,1372162.58768297,223035,6.1522298638463475,0.0
911,2025-03-28,978622.5050133044,223035,4.387753065721991,320.0
912,2025-03-29,839688.9850198826,223035,3.76483056479872,0.0
913,2025-03-30,774796.2385667283,223035,3.4738773670801817,320.0
914,2025-03-31,644462.5492806676,223035,2.8895130776813844,0.0
915,2025-04-01,1537813.4680790463,223035,6.894942354693417,320.0
916,2025-04-02,662895.6525498318,223035,2.9721597621442006,0.0
917,2025-04-03,507343.1265176096,223035,2.274724265328803,20.0
918,2025-04-04,463034.7934686335,223035,2.0760633688373282,0.0
919,2025-04-05,476824.4570079897,223035,2.13789072122308,0.0
920,2025-04-06,433150.8776618844,223035,1.9420758072135962,0.0
921,2025-04-07,366618.9519021688,223035,1.6437731831424163,100.0
922,2025-04-08,350831.2568208214,223035,1.5729874540803972,80.0
923,2025-04-09,312747.8379261355,223035,1.402236590338447,80.0
924,2025-04-10,346103.0630454596,223035,1.5517881186605673,100.0
925,2025-04-11,361580.5943856314,223035,1.6211831971916129,80.0
926,2025-04-12,341791.4263876067,223035,1.5324564592445433,0.0
927,2025-04-13,363266.6589088821,223035,1.6287428381594016,0.0
928,2025-04-14,305394.0720161715,223035,1.3692652364703815,0.0
929,2025-04-15,215504.29195734765,223035,0.9662353081684384,40.0
930,2025-04-16,1427019.527248289,173126,8.242664459689989,0.0
931,2025-04-17,478041.65513679857,173126,2.7612354882386154,20.0
932,2025-04-18,380037.0341899086,173126,2.1951470847238923,0.0
933,2025-04-19,328873.29526908725,173126,1.8996181698247938,0.0
934,2025-04-20,301574.6602656385,173126,1.7419374343867384,0.0
935,2025-04-21,276710.21085191803,173126,1.5983168955091553,120.0
936,2025-04-22,253156.82938294747,173126,1.4622692685266654,120.0
937,2025-04-23,267308.11170967226,173126,1.5440090553104229,100.0
938,2025-04-24,226302.85728383707,173126,1.3071569682418416,80.0
939,2025-04-25,381329.7655200467,173126,2.2026140817673063,300.0
940,2025-04-26,278326.8890401995,173126,1.607655054932243,0.0
941,2025-04-27,220943.9816635127,173126,1.2762033528384686,0.0
942,2025-04-28,189579.20236987775,173126,1.0950359990404546,70.0
943,2025-04-29,182188.0186300692,173126,1.0523434875759226,70.0
944,2025-04-30,344572.4934792989,173126,1.99029893533784,70.0
945,2025-05-01,711838.0755920273,173126,4.111676325866867,70.0
946,2025-05-02,304442.8124011814,173126,1.7585042824369614,70.0
947,2025-05-03,250141.9843305095,173126,1.4448551016630056,90.0
948,2025-05-04,218960.57118299347,173126,1.2647468963817883,0.0
949,2025-05-05,184392.99653714872,173126,1.0650797484903984,0.0
950,2025-05-06,92254.56421484532,173126,0.5328752712755179,1200.0
951,2025-05-07,46055.46370019278,173126,0.2660228024686805,0.0
952,2025-05-08,1625529.8192769354,242473,6.703962170125892,0.0
953,2025-05-09,1103439.3124812448,242473,4.550771889988761,310.0
954,2025-05-10,912760.3144086716,242473,3.7643791861719516,20.0
955,2025-05-11,801984.9358958708,242473,3.3075226350804865,340.0
956,2025-05-12,586124.7303228349,242473,2.4172783374760693,0.0
957,2025-05-13,698170.6537781359,242473,2.8793748325716098,340.0
958,2025-05-14,527679.6629678287,242473,2.1762409132886082,0.0
959,2025-05-15,483928.6341090659,242473,1.9958042095782456,0.0
960,2025-05-16,831948.2759079261,242473,3.4310965588248017,0.0
961,2025-05-17,574131.1171522636,242473,2.36781463153532,20.0
962,2025-05-18,489292.2375145388,242473,2.0179246246573386,0.0
963,2025-05-19,416500.7726247551,242473,1.717720210599758,80.0
964,2025-05-20,391660.9982114462,242473,1.6152767450868601,0.0
965,2025-05-21,354680.69093551807,242473,1.46276365176955,120.0
966,2025-05-22,337002.73418669286,242473,1.389856743582555,0.0
967,2025-05-23,387301.0011530622,242473,1.5972953737243414,220.0
968,2025-05-24,372927.7028295998,242473,1.5380174404143958,0.0
969,2025-05-25,405672.1705333818,242473,1.673061209014537,0.0
970,2025-05-26,375094.2509644493,242473,1.5469526543757421,0.0
971,2025-05-27,273206.4791748376,242473,1.1267501089805363,110.0
972,2025-05-28,416979.2148790697,122135,3.4140845366116976,70.0
973,2025-05-29,188275.9810107428,122135,1.5415399435930963,70.0
974,2025-05-30,163658.0108840391,122135,1.3399763448973603,70.0
975,2025-05-31,186731.267254531,122135,1.5288923507146273,70.0
976,2025-06-01,454642.3124303549,122135,3.722457218900028,70.0
977,2025-06-02,193139.2614043406,122135,1.5813588357501174,0.0
978,2025-06-03,147055.9594564499,122135,1.2040443726732706,20.0
979,2025-06-04,127725.30879367662,122135,1.0457715543757042,0.0
980,2025-06-05,145724.58212692718,122135,1.1931435061769942,180.0
981,2025-06-06,186413.8963975429,122135,1.5262938256645753,0.0
982,2025-06-07,150877.57865553483,122135,1.2353344958900794,160.0
983,2025-06-08,121848.02192754424,122135,0.9976503207724586,0.0
984,2025-06-09,107869.21841331724,122135,0.883196613692367,80.0
985,2025-06-10,96961.40593019502,122135,0.7938871407065544,20.0
986,2025-06-11,96558.43712422672,122135,0.7905877686513016,0.0
987,2025-06-12,89563.10935526075,122135,0.7333123949339726,0.0
988,2025-06-13,93932.55542781894,122135,0.7690879389840662,0.0
989,2025-06-14,91161.8156639062,122135,0.746402060538799,0.0
990,2025-06-15,97033.83496394748,122135,0.7944801650955703,0.0
991,2025-06-16,142498.19789613524,122135,1.166726965211735,0.0
992,2025-06-17,57230.78868815746,122135,0.4685863076772216,970.0
993,2025-06-18,38212.24131628121,122135,0.3128688853832334,30.0
994,2025-06-19,1963692.423139043,262373,7.484354042294912,70.0
995,2025-06-20,1482266.4741957656,262373,5.649462689361198,630.0
996,2025-06-21,1148508.9378700652,262373,4.377389967222485,150.0
997,2025-06-22,963585.7888358966,262373,3.672579834189862,220.0
998,2025-06-23,915418.2242790912,262373,3.4889955303293068,0.0
999,2025-06-24,714690.3645340956,262373,2.723947832033386,0.0
1000,2025-06-25,1115735.7130494548,262373,4.252479153912388,450.0
1001,2025-06-26,767969.1104363174,262373,2.927012727820002,0.0
1002,2025-06-27,671151.9582731391,262373,2.5580069529758744,0.0
1003,2025-06-28,598064.6705636807,262373,2.279444419066294,0.0
1004,2025-06-29,551152.10295575,262373,2.1006433701476523,0.0
1005,2025-06-30,648698.8035182741,262373,2.472429722259051,0.0
1006,2025-07-01,1605405.993160339,262373,6.118792685071783,0.0
1007,2025-07-02,634183.8301562906,262373,2.417107820378966,0.0
1008,2025-07-03,540467.2586903317,262373,2.0599194989207414,20.0
1009,2025-07-04,497971.0644284404,262373,1.8979508731021881,0.0
1010,2025-07-05,479074.4581203861,262373,1.825928956563313,0.0
1011,2025-07-06,476208.3751229563,262373,1.8150052601561757,0.0
1012,2025-07-07,463117.75815969537,262373,1.7651121043693343,0.0
1013,2025-07-08,320560.5268875348,262373,1.221774065500394,40.0
1014,2025-07-09,951394.1490741808,176129,5.401689381499814,0.0
1015,2025-07-10,377253.02392819553,176129,2.141913165510481,20.0
1016,2025-07-11,307991.0167131898,176129,1.7486672649773165,0.0
1017,2025-07-12,277928.1620553031,176129,1.5779806962811525,0.0
1018,2025-07-13,270457.2009261846,176129,1.5355631436400854,0.0
1019,2025-07-14,324122.2715018745,176129,1.8402549920903115,200.0
1020,2025-07-15,294851.40110599634,176129,1.67406503815951,0.0
1021,2025-07-16,557959.6932722076,176129,3.1679036006120946,160.0
1022,2025-07-17,303220.12521704915,176129,1.7215797808256967,20.0
1023,2025-07-18,442111.6528919311,176129,2.510158195935542,360.0
1024,2025-07-19,314899.18080680555,176129,1.7878894492491615,0.0
1025,2025-07-20,263833.8256939075,176129,1.4979578927598949,0.0
1026,2025-07-21,247973.79839221208,176129,1.4079101022103804,100.0
1027,2025-07-22,252718.9232770887,176129,1.4348512923884693,80.0
1028,2025-07-23,242240.04931725963,176129,1.3753558432584052,80.0
1029,2025-07-24,231770.66831947523,176129,1.315914291908063,80.0
1030,2025-07-25,236041.14510212076,176129,1.3401605931000617,80.0
1031,2025-07-26,215117.30061833624,176129,1.2213621869103681,0.0
1032,2025-07-27,219429.8176614651,176129,1.2458471782697063,0.0
1033,2025-07-28,206884.19025077805,176129,1.1746174125259217,0.0
1034,2025-07-29,105123.70554472228,176129,0.5968563129565392,1220.0
1035,2025-07-30,35861.69832971652,176129,0.20361041242337446,0.0
1036,2025-07-31,974836.8047843104,183336,5.317214321160658,0.0
1037,2025-08-01,1448708.0900378325,183336,7.901929190327227,260.0
1038,2025-08-02,703413.4041013845,183336,3.836744578813678,0.0
1039,2025-08-03,655939.2757411968,183336,3.577798554245739,310.0
1040,2025-08-04,466865.9708216612,183336,2.546504618960058,0.0
1041,2025-08-05,473015.9087261502,183336,2.580049246880865,180.0
1042,2025-08-06,592262.7075522784,183336,3.2304768706215823,450.0
1043,2025-08-07,434807.6283214423,183336,2.371643476030034,0.0
1044,2025-08-08,371764.1849809888,183336,2.027775150439569,0.0
1045,2025-08-09,345158.3195244787,183336,1.882654358797392,0.0
1046,2025-08-10,331546.8663735305,183336,1.8084111487843657,20.0
1047,2025-08-11,299093.7347068321,183336,1.6313966417224772,0.0
1048,2025-08-12,281228.79383259383,183336,1.5339529270443002,0.0
1049,2025-08-13,251078.59897035823,183336,1.3694997107516158,0.0
1050,2025-08-14,271942.4753277413,183336,1.4833010174092447,140.0
1051,2025-08-15,283755.44449806155,183336,1.5477344574882268,0.0
1052,2025-08-16,471151.626551109,183336,2.569880582924843,140.0
1053,2025-08-17,367446.3612453835,183336,2.0042237271751513,20.0
1054,2025-08-18,325396.92846904154,183336,1.7748665208635594,140.0
1055,2025-08-19,197529.10399268343,183336,1.0774158048211122,40.0
1056,2025-08-20,636440.7906268163,112654,5.649517909943866,0.0
1057,2025-08-21,266263.7777613644,112654,2.3635536932675665,60.0
1058,2025-08-22,218454.1284916124,112654,1.9391599809293272,60.0
1059,2025-08-23,197931.3823892824,112654,1.7569849485085518,60.0
1060,2025-08-24,193230.27302949017,112654,1.7152544341922185,60.0
1061,2025-08-25,169273.602874605,112654,1.502597358945133,60.0
1062,2025-08-26,161223.4075859089,112654,1.4311378875664325,120.0
1063,2025-08-27,132472.71012627997,112654,1.1759254897853602,0.0
1064,2025-08-28,125528.10371881828,112654,1.1142800408225033,0.0
1065,2025-08-29,210810.6175416895,112654,1.8713105397206447,300.0
1066,2025-08-30,181268.09759464784,112654,1.6090693414760935,0.0
1067,2025-08-31,168666.2696402119,112654,1.4972062211746755,0.0
1068,2025-09-01,354945.2030778236,112654,3.150755437692613,0.0
1069,2025-09-02,155877.2591589896,112654,1.3836815306956662,0.0
1070,2025-09-03,124654.13638152088,112654,1.1065220620796499,20.0
1071,2025-09-04,112081.93443851876,112654,0.9949219241084982,0.0
1072,2025-09-05,109313.24900634092,112654,0.9703450299708924,0.0
1073,2025-09-06,113594.2076585264,112654,1.0083459766943597,0.0
1074,2025-09-07,104360.31854936128,112654,0.926379165847296,0.0
1075,2025-09-08,91093.25197454797,112654,0.808610896857173,0.0
1076,2025-09-09,47905.26048847024,112654,0.4252424280404623,2140.0
1077,2025-09-10,26320.017885173183,112654,0.23363589295695833,20.0
1078,2025-09-11,1140064.1815403434,147606,7.7236980985891055,0.0
1079,2025-09-12,846061.7034350723,147606,5.731892358271834,340.0
1080,2025-09-13,746097.3836622663,147606,5.054654849140728,0.0
1081,2025-09-14,653473.015455666,147606,4.427143987748913,340.0
1082,2025-09-15,474989.7338846423,147606,3.21795681669202,0.0
1083,2025-09-16,608775.6584927681,147606,4.1243286756145965,310.0
1084,2025-09-17,534739.2829754568,147606,3.622747604944628,470.0
1085,2025-09-18,395053.4281949072,147606,2.676404944208956,0.0
1086,2025-09-19,336188.3016923998,147606,2.27760593534409,0.0
1087,2025-09-20,331762.4091671543,147606,2.247621432510564,0.0
1088,2025-09-21,309927.7540703624,147606,2.0996961781388457,0.0
1089,2025-09-22,240740.5844538964,147606,1.6309674705221766,0.0
1090,2025-09-23,233355.27788316223,147606,1.5809335520450538,0.0
1091,2025-09-24,198339.32459525697,147606,1.3437077394906505,30.0
1092,2025-09-25,190823.6223865032,147606,1.2927904176422584,0.0
1093,2025-09-26,183967.4575352689,147606,1.246341324439853,0.0
1094,2025-09-27,222997.32872395185,147606,1.5107605972924667,0.0
1095,2025-09-28,337428.0051495138,147606,2.2860046688448556,580.0
1096,2025-09-29,305823.1261605275,147606,2.0718881763649684,640.0
1097,2025-09-30,195829.6810113432,147606,1.326705425330564,440.0
1098,2025-10-01,3042008.688957479,122449,24.843066819308273,920.0
1099,2025-10-02,828208.9248625321,122449,6.7637050924264965,0.0
1100,2025-10-03,747175.0841716413,122449,6.101928837080264,400.0
1101,2025-10-04,560107.0535087229,122449,4.574206841286764,0.0
1102,2025-10-05,571707.7300990806,122449,4.668945684318211,380.0
1103,2025-10-06,385459.2625217475,122449,3.1479167859414736,0.0
1104,2025-10-07,551578.819696613,122449,4.504559610095738,800.0
1105,2025-10-08,321606.84526184737,122449,2.626455465229176,0.0
1106,2025-10-09,246706.86461509,122449,2.014772391894503,0.0
1107,2025-10-10,325212.1878042649,122449,2.6558990910849816,390.0
1108,2025-10-11,257170.07584675425,122449,2.100221936044837,70.0
1109,2025-10-12,208237.0143982139,122449,1.7006020008184135,70.0
1110,2025-10-13,164528.208223931,122449,1.3436468098876349,70.0
1111,2025-10-14,145231.7240048044,122449,1.1860588816960889,70.0
1112,2025-10-15,137094.89588155018,122449,1.1196081297646383,70.0
1113,2025-10-16,195248.9608356212,122449,1.5945329144020874,0.0
1114,2025-10-17,136260.63211281545,122449,1.11279497678883,20.0
1115,2025-10-18,118263.32076702686,122449,0.965816958627893,0.0
1116,2025-10-19,113623.41764796252,122449,0.9279244228042901,0.0
1117,2025-10-20,97494.9306475555,122449,0.7962084675869587,0.0
1118,2025-10-21,38747.32561132304,122449,0.31643643975306485,1740.0
1119,2025-10-22,18453.032523423408,122449,0.15069974049133442,0.0
