,Date,Primogem Used,Total Users
0,2022-09-29,3227008.3261015886,400786
1,2022-09-30,2654193.4000146207,400786
2,2022-10-01,3728093.8411521637,400786
3,2022-10-02,1685127.247495527,400786
4,2022-10-03,1164768.6386726059,400786
5,2022-10-04,901479.7477998117,400786
6,2022-10-05,871404.2453906432,400786
7,2022-10-06,715337.3280016296,400786
8,2022-10-07,693019.9360259869,400786
9,2022-10-08,720968.9066019695,400786
10,2022-10-09,654619.248027777,400786
11,2022-10-10,558139.9910591857,400786
12,2022-10-11,594787.222984418,400786
13,2022-10-12,526344.6093954585,400786
14,2022-10-13,538833.3204684216,400786
15,2022-10-14,480551.42520872696,400786
16,2022-10-15,3536309.572538052,372850
17,2022-10-16,1722577.0343411288,372850
18,2022-10-17,1018905.6087642179,372850
19,2022-10-18,1058388.3649478029,372850
20,2022-10-19,780319.6582664346,372850
21,2022-10-20,1367175.5912665743,372850
22,2022-10-21,855016.3272050914,372850
23,2022-10-22,721664.3255320436,372850
24,2022-10-23,914383.6732482566,372850
25,2022-10-24,558040.4307516419,372850
26,2022-10-25,487653.06054313335,372850
27,2022-10-26,460250.25742772577,372850
28,2022-10-27,422840.4308999123,372850
29,2022-10-28,389985.8713361873,372850
30,2022-10-29,405091.88096665434,372850
31,2022-10-30,376428.49065230374,372850
32,2022-10-31,352176.34642822115,372850
33,2022-11-01,400539.8504266968,372850
34,2022-11-02,95662.22445792101,372850
35,2022-11-03,4911006.957272812,471989
36,2022-11-04,3413218.6437719753,471989
37,2022-11-05,2846702.1757944548,471989
38,2022-11-06,2229442.2831498883,471989
39,2022-11-07,1844867.8109858872,471989
40,2022-11-08,1802539.3234760307,471989
41,2022-11-09,1461934.5899698362,471989
42,2022-11-10,1641911.0324326311,471989
43,2022-11-11,1571551.5545265072,471989
44,2022-11-12,1603581.3320839324,471989
45,2022-11-13,1521623.1153951276,471989
46,2022-11-14,1288534.4321754612,471989
47,2022-11-15,1250537.494087,471989
48,2022-11-16,1453996.2360497664,471989
49,2022-11-17,1377655.4975168332,471989
50,2022-11-18,1003704.037508037,471989
51,2022-11-19,3499538.274903319,409082
52,2022-11-20,1272111.176847601,409082
53,2022-11-21,960057.3253335517,409082
54,2022-11-22,833836.3155102717,409082
55,2022-11-23,672827.8954189128,409082
56,2022-11-24,665071.0186697538,409082
57,2022-11-25,1066474.667925915,409082
58,2022-11-26,773301.8728400304,409082
59,2022-11-27,634152.2317677144,409082
60,2022-11-28,581131.5556351048,409082
61,2022-11-29,497669.25301562704,409082
62,2022-11-30,662260.9062247111,409082
63,2022-12-01,1318184.3369352662,409082
64,2022-12-02,743973.1173214568,409082
65,2022-12-03,631485.5694474857,409082
66,2022-12-04,767956.4681890624,409082
67,2022-12-05,663612.3574005914,409082
68,2022-12-06,315566.1145700244,409082
69,2022-12-07,94293.5420436002,409082
70,2022-12-08,3212244.8749791617,453595
71,2022-12-09,2356548.6273485892,453595
72,2022-12-10,2262302.0234915176,453595
73,2022-12-11,2117559.901675438,453595
74,2022-12-12,1704537.900063089,453595
75,2022-12-13,1757538.6093623382,453595
76,2022-12-14,1125553.0923340137,453595
77,2022-12-15,1227884.4464202202,453595
78,2022-12-16,1312136.805671556,453595
79,2022-12-17,1229241.0850531687,453595
80,2022-12-18,955355.1256127751,453595
81,2022-12-19,952599.0071268902,453595
82,2022-12-20,827449.6032519192,453595
83,2022-12-21,762942.966298791,453595
84,2022-12-22,750208.9236719275,453595
85,2022-12-23,882955.5038914102,453595
86,2022-12-24,830931.9824195025,453595
87,2022-12-25,824387.4760518355,453595
88,2022-12-26,787578.7078498971,453595
89,2022-12-27,511285.47985780536,453595
90,2022-12-28,3962443.610713594,389328
91,2022-12-29,1434191.22002176,389328
92,2022-12-30,1245517.3721232938,389328
93,2022-12-31,1389358.993321048,389328
94,2023-01-01,2583895.236981829,389328
95,2023-01-02,1229105.4123765035,389328
96,2023-01-03,1012545.6250110836,389328
97,2023-01-04,892990.2633680749,389328
98,2023-01-05,855061.2831166476,389328
99,2023-01-06,1257669.6003563271,389328
100,2023-01-07,868404.5819088672,389328
101,2023-01-08,685289.0632866045,389328
102,2023-01-09,596643.6369191506,389328
103,2023-01-10,576861.9400486618,389328
104,2023-01-11,547498.7422353838,389328
105,2023-01-12,513358.0280680358,389328
106,2023-01-13,514760.8445044109,389328
107,2023-01-14,530883.3079347324,389328
108,2023-01-15,516168.6237347828,389328
109,2023-01-16,641128.4680401001,389328
110,2023-01-17,292115.01743448124,389328
111,2023-01-18,55694.12849462678,389328
112,2023-01-19,1954710.6337142342,372662
113,2023-01-20,1306611.880442147,372662
114,2023-01-21,1529798.6477692248,372662
115,2023-01-22,1074343.037283707,372662
116,2023-01-23,1328314.1863110713,372662
117,2023-01-24,940628.462827981,372662
118,2023-01-25,1641085.3914015596,372662
119,2023-01-26,851348.2249894253,372662
120,2023-01-27,696388.4579208404,372662
121,2023-01-28,663892.7483010495,372662
122,2023-01-29,609450.7221774238,372662
123,2023-01-30,509347.7993118121,372662
124,2023-01-31,648995.0856709911,372662
125,2023-02-01,1288413.567290535,372662
126,2023-02-02,678666.7788760866,372662
127,2023-02-03,596031.763994922,372662
128,2023-02-04,647212.1812985797,372662
129,2023-02-05,677022.147196791,372662
130,2023-02-06,500714.70304868487,372662
131,2023-02-07,338008.41169048025,372662
132,2023-02-08,6165862.612645509,387737
133,2023-02-09,2147390.219359695,387737
134,2023-02-10,1752345.968614671,387737
135,2023-02-11,1566239.4686848202,387737
136,2023-02-12,1286658.9113369496,387737
137,2023-02-13,1122033.1639545832,387737
138,2023-02-14,1033489.4040916534,387737
139,2023-02-15,912214.6533538643,387737
140,2023-02-16,1167830.7155590104,387737
141,2023-02-17,1736282.8673702786,387737
142,2023-02-18,1172980.2244385032,387737
143,2023-02-19,973509.6626959667,387737
144,2023-02-20,842323.4285048324,387737
145,2023-02-21,695211.1001470576,387737
146,2023-02-22,686659.9012513892,387737
147,2023-02-23,680504.3689724063,387737
148,2023-02-24,691241.8093801966,387737
149,2023-02-25,681185.4898732285,387737
150,2023-02-26,685853.5167366226,387737
151,2023-02-27,708582.9909356146,387737
152,2023-02-28,390012.1765036038,387737
153,2023-03-01,91309.34558954425,387737
154,2023-03-02,1493298.1716226172,238426
155,2023-03-03,1063791.3116820462,238426
156,2023-03-04,898688.8771878676,238426
157,2023-03-05,742251.6993415906,238426
158,2023-03-06,539320.2286485903,238426
159,2023-03-07,541306.1451187854,238426
160,2023-03-08,476461.6551571944,238426
161,2023-03-09,434399.697620762,238426
162,2023-03-10,418880.3565922904,238426
163,2023-03-11,399732.50358670234,238426
164,2023-03-12,366537.2724850027,238426
165,2023-03-13,290683.89774298173,238426
166,2023-03-14,290106.21396645496,238426
167,2023-03-15,286578.43688275415,238426
168,2023-03-16,344346.8145354302,238426
169,2023-03-17,305938.03874593036,238426
170,2023-03-18,321329.9192970188,238426
171,2023-03-19,316819.4630489771,238426
172,2023-03-20,241854.20002033535,238426
173,2023-03-21,134431.7431703253,238426
174,2023-03-22,3943025.61395009,320646
175,2023-03-23,1314029.4689300517,320646
176,2023-03-24,1075762.7188594223,320646
177,2023-03-25,955092.5153485812,320646
178,2023-03-26,831300.838194854,320646
179,2023-03-27,687978.911428681,320646
180,2023-03-28,634992.2788742217,320646
181,2023-03-29,608310.5648311685,320646
182,2023-03-30,629460.8439629307,320646
183,2023-03-31,1251026.1957703258,320646
184,2023-04-01,1740060.8918245158,320646
185,2023-04-02,805489.3879431691,320646
186,2023-04-03,601964.3334910357,320646
187,2023-04-04,521148.38628952106,320646
188,2023-04-05,493428.09369984566,320646
189,2023-04-06,475890.84380301734,320646
190,2023-04-07,441221.82955610804,320646
191,2023-04-08,414455.9581354279,320646
192,2023-04-09,406453.35659018526,320646
193,2023-04-10,380840.8237765274,320646
194,2023-04-11,181867.91838693665,320646
195,2023-04-12,61471.2263533828,320646
196,2023-04-13,1988964.014345735,300734
197,2023-04-14,1448570.1482466108,300734
198,2023-04-15,1331172.1044301612,300734
199,2023-04-16,1329910.3076375814,300734
200,2023-04-17,948518.5118978234,300734
201,2023-04-18,795378.7024132996,300734
202,2023-04-19,800214.2839103289,300734
203,2023-04-20,687847.7527698805,300734
204,2023-04-21,729357.7323468907,300734
205,2023-04-22,718753.9369409254,300734
206,2023-04-23,654188.7355342787,300734
207,2023-04-24,570870.9609882206,300734
208,2023-04-25,512260.10811053327,300734
209,2023-04-26,378141.29748061224,300734
210,2023-04-27,460320.71187684283,300734
211,2023-04-28,443237.47238227323,300734
212,2023-04-29,468346.05296753644,300734
213,2023-04-30,576233.5973566846,300734
214,2023-05-01,1284297.529172897,300734
215,2023-05-02,401798.0280296928,300734
216,2023-05-03,2891650.7013561376,285019
217,2023-05-04,939181.2875495477,285019
218,2023-05-05,767279.0348752388,285019
219,2023-05-06,719971.4464705292,285019
220,2023-05-07,626417.5378095396,285019
221,2023-05-08,562343.6963035869,285019
222,2023-05-09,505650.5734500751,285019
223,2023-05-10,474987.9503582166,285019
224,2023-05-11,451741.71879773773,285019
225,2023-05-12,435057.5133180539,285019
226,2023-05-13,824350.290245502,285019
227,2023-05-14,539047.5227125938,285019
228,2023-05-15,377319.1751116348,285019
229,2023-05-16,431046.0980813842,285019
230,2023-05-17,327198.7802025996,285019
231,2023-05-18,306991.8779277078,285019
232,2023-05-19,292658.51517009194,285019
233,2023-05-20,314977.2518781616,285019
234,2023-05-21,324653.52029031515,285019
235,2023-05-22,262786.04634672817,285019
236,2023-05-23,129508.60334342119,285019
237,2023-05-24,41105.85840119661,285019
238,2023-05-25,1159310.4508977532,288141
239,2023-05-26,754054.7791561866,288141
240,2023-05-27,707428.5221955484,288141
241,2023-05-28,575280.8335413564,288141
242,2023-05-29,551038.836747867,288141
243,2023-05-30,430724.08519367065,288141
244,2023-05-31,645538.4663430937,288141
245,2023-06-01,1231827.726206924,288141
246,2023-06-02,573547.2910070276,288141
247,2023-06-03,498061.4319151903,288141
248,2023-06-04,434794.8915429402,288141
249,2023-06-05,365479.06393895776,288141
250,2023-06-06,323968.9136020201,288141
251,2023-06-07,291949.2617963034,288141
252,2023-06-08,317333.15426912176,288141
253,2023-06-09,314092.0334512075,288141
254,2023-06-10,351381.30957769486,288141
255,2023-06-11,364790.82167906006,288141
256,2023-06-12,321438.4589772835,288141
257,2023-06-13,176697.14440952492,288141
258,2023-06-14,2409361.9585800692,292264
259,2023-06-15,849051.1282367745,292264
260,2023-06-16,935600.1016340193,292264
261,2023-06-17,696233.2899501023,292264
262,2023-06-18,667226.1613590481,292264
263,2023-06-19,534202.5697416164,292264
264,2023-06-20,574090.3136242728,292264
265,2023-06-21,518214.52100503794,292264
266,2023-06-22,470374.78232490347,292264
267,2023-06-23,851495.5680751535,292264
268,2023-06-24,570042.0253637384,292264
269,2023-06-25,517283.1457158618,292264
270,2023-06-26,438980.3741117734,292264
271,2023-06-27,431625.19921981427,292264
272,2023-06-28,364154.2886051869,292264
273,2023-06-29,342349.347268339,292264
274,2023-06-30,452090.2378392013,292264
275,2023-07-01,1097982.1890544868,292264
276,2023-07-02,545928.8199979397,292264
277,2023-07-03,459527.7906899503,292264
278,2023-07-04,220665.3338557677,292264
279,2023-07-05,23840.85374694217,292264
280,2023-07-06,917544.2273493522,232291
281,2023-07-07,691588.1256494792,232291
282,2023-07-08,526282.939313761,232291
283,2023-07-09,549056.3356343007,232291
284,2023-07-10,434520.3031666731,232291
285,2023-07-11,485325.3907129312,232291
286,2023-07-12,370144.2631658202,232291
287,2023-07-13,339912.0619342252,232291
288,2023-07-14,341070.49527324433,232291
289,2023-07-15,336041.49145732523,232291
290,2023-07-16,407082.3731944846,232291
291,2023-07-17,305800.7345880713,232291
292,2023-07-18,275541.1553159677,232291
293,2023-07-19,237148.58688528524,232291
294,2023-07-20,253450.49888061045,232291
295,2023-07-21,259264.91023361924,232291
296,2023-07-22,257711.2064347576,232291
297,2023-07-23,268321.90825936256,232291
298,2023-07-24,269403.34085945133,232291
299,2023-07-25,177970.95232599822,232291
300,2023-07-26,2315536.9691286744,291506
301,2023-07-27,898712.158774714,291506
302,2023-07-28,728566.8573307054,291506
303,2023-07-29,686409.3450740487,291506
304,2023-07-30,635104.4932240386,291506
305,2023-07-31,716077.9874063884,291506
306,2023-08-01,1384144.8032173917,291506
307,2023-08-02,645441.7047156731,291506
308,2023-08-03,548428.8649446988,291506
309,2023-08-04,862907.5416532494,291506
310,2023-08-05,588726.604234337,291506
311,2023-08-06,516058.2883017852,291506
312,2023-08-07,437928.68365647976,291506
313,2023-08-08,423320.05535037257,291506
314,2023-08-09,379727.04080356454,291506
315,2023-08-10,375299.31373971986,291506
316,2023-08-11,363930.135601721,291506
317,2023-08-12,373969.0816175129,291506
318,2023-08-13,369228.73405492416,291506
319,2023-08-14,341056.2041094312,291506
320,2023-08-15,185954.96666620902,291506
321,2023-08-16,47885.16639436062,291506
322,2023-08-17,1933791.009009868,327050
323,2023-08-18,1385083.7781878393,327050
324,2023-08-19,1181433.3919966735,327050
325,2023-08-20,1056305.5209088277,327050
326,2023-08-21,852622.9731304806,327050
327,2023-08-22,766521.5800078706,327050
328,2023-08-23,680397.6737742336,327050
329,2023-08-24,766264.2873104196,327050
330,2023-08-25,664892.5725940941,327050
331,2023-08-26,757035.5198687249,327050
332,2023-08-27,657421.4358918614,327050
333,2023-08-28,726647.6442204056,327050
334,2023-08-29,535776.664695758,327050
335,2023-08-30,457667.4259877189,327050
336,2023-08-31,552851.2513303484,327050
337,2023-09-01,1167271.0370813564,327050
338,2023-09-02,687532.7218904209,327050
339,2023-09-03,573595.4750623334,327050
340,2023-09-04,517898.0383816334,327050
341,2023-09-05,320134.8307240178,327050
342,2023-09-06,2107643.6826426336,286662
343,2023-09-07,846766.9009569783,286662
344,2023-09-08,772903.7602044605,286662
345,2023-09-09,780076.0877876563,286662
346,2023-09-10,632893.8118807044,286662
347,2023-09-11,480606.7583675639,286662
348,2023-09-12,409161.2376597024,286662
349,2023-09-13,369917.2326112261,286662
350,2023-09-14,379916.41707872465,286662
351,2023-09-15,705310.6537621836,286662
352,2023-09-16,615631.90615057,286662
353,2023-09-17,452970.9452806165,286662
354,2023-09-18,362700.5299490325,286662
355,2023-09-19,335653.0975391667,286662
356,2023-09-20,285588.14730101085,286662
357,2023-09-21,269782.4015705813,286662
358,2023-09-22,271251.70974184095,286662
359,2023-09-23,309060.92056938924,286662
360,2023-09-24,311948.5877471333,286662
361,2023-09-25,247675.39462246778,286662
362,2023-09-26,126307.91004211,286662
363,2023-09-27,59322.90653424713,286662
364,2023-09-28,2889254.3625567993,361747
365,2023-09-29,2504952.9585681893,361747
366,2023-09-30,2389715.8664082196,361747
367,2023-10-01,3332432.568735632,361747
368,2023-10-02,1497394.3307957547,361747
369,2023-10-03,1454227.180753376,361747
370,2023-10-04,1204914.7074709476,361747
371,2023-10-05,1618717.1162063454,361747
372,2023-10-06,1078458.4226228886,361747
373,2023-10-07,1021337.6142179609,361747
374,2023-10-08,925864.7267576206,361747
375,2023-10-09,748776.7725105028,361747
376,2023-10-10,667889.763006185,361747
377,2023-10-11,600693.631104293,361747
378,2023-10-12,629819.0139410221,361747
379,2023-10-13,607648.0466324984,361747
380,2023-10-14,657621.2183620712,361747
381,2023-10-15,623535.4622357199,361747
382,2023-10-16,742567.4177257061,361747
383,2023-10-17,414791.70100880327,361747
384,2023-10-18,2350676.063089031,240268
385,2023-10-19,934380.975575161,240268
386,2023-10-20,720573.4858811793,240268
387,2023-10-21,667268.5582384729,240268
388,2023-10-22,546177.9627371207,240268
389,2023-10-23,470054.8989965705,240268
390,2023-10-24,432767.35726642946,240268
391,2023-10-25,420964.8172425022,240268
392,2023-10-26,378019.6990487032,240268
393,2023-10-27,396394.6783588318,240268
394,2023-10-28,370789.8539112584,240268
395,2023-10-29,341464.0475765969,240268
396,2023-10-30,348760.28098965995,240268
397,2023-10-31,364876.43970253534,240268
398,2023-11-01,826234.4745931224,240268
399,2023-11-02,391707.01840969344,240268
400,2023-11-03,513493.8811919194,240268
401,2023-11-04,342629.8904655018,240268
402,2023-11-05,297552.2513207477,240268
403,2023-11-06,244218.17760581872,240268
404,2023-11-07,130300.7543237007,240268
405,2023-11-08,76328.70547234318,240268
406,2023-11-09,4716061.8931556605,366502
407,2023-11-10,3529668.5871872203,366502
408,2023-11-11,3056997.1517992294,366502
409,2023-11-12,2541221.0615787553,366502
410,2023-11-13,1925082.1731236724,366502
411,2023-11-14,1726538.884011416,366502
412,2023-11-15,1533548.2250619535,366502
413,2023-11-16,1869959.6567072358,366502
414,2023-11-17,1485364.745835087,366502
415,2023-11-18,1456742.6761897146,366502
416,2023-11-19,1328177.9316511804,366502
417,2023-11-20,1196023.4665618362,366502
418,2023-11-21,1077961.805559482,366502
419,2023-11-22,945006.7721028245,366502
420,2023-11-23,1045479.2692099225,366502
421,2023-11-24,1132927.9427321574,366502
422,2023-11-25,1222038.4374716722,366502
423,2023-11-26,1256362.5144679085,366502
424,2023-11-27,1194251.946472067,366502
425,2023-11-28,773061.9585413033,366502
426,2023-11-29,720312.0069781675,202021
427,2023-11-30,373737.36348184734,202021
428,2023-12-01,788373.1962742743,202021
429,2023-12-02,531039.2627773194,202021
430,2023-12-03,448699.5108688278,202021
431,2023-12-04,380703.26311725524,202021
432,2023-12-05,339268.1070801483,202021
433,2023-12-06,263587.92676680913,202021
434,2023-12-07,219727.87796304037,202021
435,2023-12-08,392047.2031039934,202021
436,2023-12-09,334788.3658194532,202021
437,2023-12-10,338072.2024109912,202021
438,2023-12-11,271929.8519590443,202021
439,2023-12-12,248825.3658508207,202021
440,2023-12-13,175502.68613528716,202021
441,2023-12-14,151790.44519519684,202021
442,2023-12-15,149457.45084061168,202021
443,2023-12-16,197663.6818795241,202021
444,2023-12-17,156552.00825292684,202021
445,2023-12-18,142954.71920206997,202021
446,2023-12-19,65160.87541096854,202021
447,2023-12-20,28668.628631422765,202021
448,2023-12-21,1916124.381027733,279224
449,2023-12-22,1202329.2357883183,279224
450,2023-12-23,1021709.915235209,279224
451,2023-12-24,780092.674934635,279224
452,2023-12-25,782463.302325864,279224
453,2023-12-26,620119.1559543348,279224
454,2023-12-27,656088.281363857,279224
455,2023-12-28,559424.2344023725,279224
456,2023-12-29,525063.4767727515,279224
457,2023-12-30,466049.3376637667,279224
458,2023-12-31,575136.3106408633,279224
459,2024-01-01,1223994.5595912777,279224
460,2024-01-02,697528.5251336833,279224
461,2024-01-03,570858.1285722869,279224
462,2024-01-04,494615.0165982695,279224
463,2024-01-05,473660.4998828731,279224
464,2024-01-06,450405.86479029554,279224
465,2024-01-07,466384.7318927509,279224
466,2024-01-08,390471.2972006327,279224
467,2024-01-09,237670.64116292525,279224
468,2024-01-10,3180584.56371361,281280
469,2024-01-11,1198615.7220274748,281280
470,2024-01-12,931770.9557426885,281280
471,2024-01-13,863652.1158464309,281280
472,2024-01-14,783928.5334615114,281280
473,2024-01-15,630142.4250755974,281280
474,2024-01-16,724488.2876270676,281280
475,2024-01-17,543782.9676289828,281280
476,2024-01-18,551447.8179616573,281280
477,2024-01-19,830662.2886141887,281280
478,2024-01-20,601957.3030971556,281280
479,2024-01-21,525417.112956829,281280
480,2024-01-22,421676.7738770575,281280
481,2024-01-23,383944.859951913,281280
482,2024-01-24,371661.4676545953,281280
483,2024-01-25,371136.8256578788,281280
484,2024-01-26,411249.93729070114,281280
485,2024-01-27,391743.40937407344,281280
486,2024-01-28,379617.4096757707,281280
487,2024-01-29,339077.8148714239,281280
488,2024-01-30,171310.84346978355,281280
489,2024-01-31,61171.564423608295,281280
490,2024-02-01,3295919.0935942456,308434
491,2024-02-02,1826583.3277558568,308434
492,2024-02-03,1566166.5937946162,308434
493,2024-02-04,1135194.3903324534,308434
494,2024-02-05,1324389.758567034,308434
495,2024-02-06,957670.9416874065,308434
496,2024-02-07,1280118.2166788385,308434
497,2024-02-08,958884.5551536185,308434
498,2024-02-09,1747316.6236722465,308434
499,2024-02-10,1001118.6206481477,308434
500,2024-02-11,801458.608883111,308434
501,2024-02-12,634997.1043909246,308434
502,2024-02-13,569705.9673901536,308434
503,2024-02-14,515524.30509575014,308434
504,2024-02-15,546108.6319257158,308434
505,2024-02-16,765657.0116298612,308434
506,2024-02-17,662598.0968124347,308434
507,2024-02-18,618938.1147126957,308434
508,2024-02-19,613739.8565108143,308434
509,2024-02-20,365752.36229165207,308434
510,2024-02-21,851216.9131329975,184031
511,2024-02-22,355081.15591789223,184031
512,2024-02-23,369388.0809097437,184031
513,2024-02-24,388508.6623900409,184031
514,2024-02-25,364214.76053699444,184031
515,2024-02-26,320607.83711795334,184031
516,2024-02-27,278870.9004626895,184031
517,2024-02-28,289266.646609366,184031
518,2024-02-29,297006.71957341774,184031
519,2024-03-01,834821.017831575,184031
520,2024-03-02,378553.5376809613,184031
521,2024-03-03,261952.09899737206,184031
522,2024-03-04,217390.9381878726,184031
523,2024-03-05,180658.77093374715,184031
524,2024-03-06,185005.2625244998,184031
525,2024-03-07,161579.33181659906,184031
526,2024-03-08,165409.5531084806,184031
527,2024-03-09,166174.00475925117,184031
528,2024-03-10,157684.0790474818,184031
529,2024-03-11,137362.40599783158,184031
530,2024-03-12,62444.81704931376,184031
531,2024-03-13,14325.505413918783,184031
532,2024-03-14,800391.7973573811,157330
533,2024-03-15,554988.795274701,157330
534,2024-03-16,649371.9162094388,157330
535,2024-03-17,422585.8333040729,157330
536,2024-03-18,360965.65402925893,157330
537,2024-03-19,291872.37194213684,157330
538,2024-03-20,254014.59331475428,157330
539,2024-03-21,223054.59594947775,157330
540,2024-03-22,240990.8530110598,157330
541,2024-03-23,247143.14719403072,157330
542,2024-03-24,227673.37459194526,157330
543,2024-03-25,215642.26654035997,157330
544,2024-03-26,191650.95274091157,157330
545,2024-03-27,175736.42422546225,157330
546,2024-03-28,204356.64556790984,157330
547,2024-03-29,186550.03843313392,157330
548,2024-03-30,185709.33968900057,157330
549,2024-03-31,225680.00696730136,157330
550,2024-04-01,485235.10887291026,157330
551,2024-04-02,167355.7719255114,157330
552,2024-04-03,2912155.5622451305,218800
553,2024-04-04,974106.1736610176,218800
554,2024-04-05,836458.8517377486,218800
555,2024-04-06,699948.6180078277,218800
556,2024-04-07,598622.8755064987,218800
557,2024-04-08,527306.9409145263,218800
558,2024-04-09,495045.32556654,218800
559,2024-04-10,462092.1369075173,218800
560,2024-04-11,431929.4745197108,218800
561,2024-04-12,783867.5907559065,218800
562,2024-04-13,530155.2536349125,218800
563,2024-04-14,422260.4967182428,218800
564,2024-04-15,376681.9009550478,218800
565,2024-04-16,474063.2522807634,218800
566,2024-04-17,349596.83300530247,218800
567,2024-04-18,316496.3821048463,218800
568,2024-04-19,313014.2825225941,218800
569,2024-04-20,321441.78370640683,218800
570,2024-04-21,313237.97200325265,218800
571,2024-04-22,299369.2242024195,218800
572,2024-04-23,154759.56719365172,218800
573,2024-04-24,63559.50185013543,218800
574,2024-04-25,2978162.09566501,331380
575,2024-04-26,1928128.9515501065,331380
576,2024-04-27,1630888.8973554163,331380
577,2024-04-28,1364789.924974357,331380
578,2024-04-29,1111359.6197764724,331380
579,2024-04-30,1316421.143540775,331380
580,2024-05-01,2597142.1728311433,331380
581,2024-05-02,1283440.4151353496,331380
582,2024-05-03,1080324.0222857662,331380
583,2024-05-04,934008.8276443111,331380
584,2024-05-05,833788.172434196,331380
585,2024-05-06,805288.4180665832,331380
586,2024-05-07,727801.7441330537,331380
587,2024-05-08,732681.4489115191,331380
588,2024-05-09,700955.9839488897,331380
589,2024-05-10,825851.5319773925,331380
590,2024-05-11,732263.73099274,331380
591,2024-05-12,704510.8056314293,331380
592,2024-05-13,654106.1767654137,331380
593,2024-05-14,487261.6231964851,331380
594,2024-05-15,749494.9184980836,176189
595,2024-05-16,450152.79273221974,176189
596,2024-05-17,363777.62247361947,176189
597,2024-05-18,335413.414510008,176189
598,2024-05-19,289879.084263001,176189
599,2024-05-20,241131.83111105856,176189
600,2024-05-21,214097.37981095916,176189
601,2024-05-22,219842.6105238253,176189
602,2024-05-23,170484.2463213931,176189
603,2024-05-24,325151.7321707756,176189
604,2024-05-25,226158.29897695547,176189
605,2024-05-26,214199.66878507545,176189
606,2024-05-27,161940.494188473,176189
607,2024-05-28,166716.60244144232,176189
608,2024-05-29,142859.66632446885,176189
609,2024-05-30,138003.56284815219,176189
610,2024-05-31,174501.05565111438,176189
611,2024-06-01,444996.37931907445,176189
612,2024-06-02,224929.51989045567,176189
613,2024-06-03,171293.37833459518,176189
614,2024-06-04,79862.77223986182,176189
615,2024-06-05,37863.96858538778,176189
616,2024-06-06,1789005.102882214,278373
617,2024-06-07,1552950.9096298732,278373
618,2024-06-08,1087598.3086547058,278373
619,2024-06-09,1118698.5574917397,278373
620,2024-06-10,783353.7942769588,278373
621,2024-06-11,805124.6250018069,278373
622,2024-06-12,648936.203409358,278373
623,2024-06-13,578373.5883046861,278373
624,2024-06-14,569667.8821704435,278373
625,2024-06-15,591443.0898214526,278373
626,2024-06-16,904456.7757627767,278373
627,2024-06-17,546945.0700055765,278373
628,2024-06-18,519212.8658494371,278373
629,2024-06-19,482416.0476138526,278373
630,2024-06-20,539263.5645930095,278373
631,2024-06-21,409997.6158169138,278373
632,2024-06-22,410374.03146676044,278373
633,2024-06-23,400471.2360274824,278373
634,2024-06-24,351998.9672574121,278373
635,2024-06-25,290592.88168156653,278373
636,2024-06-26,2500898.026667763,256384
637,2024-06-27,855066.5353757683,256384
638,2024-06-28,751716.7948474649,256384
639,2024-06-29,578937.44629944,256384
640,2024-06-30,653072.2013089276,256384
641,2024-07-01,2240634.070708949,256384
642,2024-07-02,884081.8704877348,256384
643,2024-07-03,667131.0484621116,256384
644,2024-07-04,519991.84271498467,256384
645,2024-07-05,838299.0453013123,256384
646,2024-07-06,547565.6075664713,256384
647,2024-07-07,433768.0197631975,256384
648,2024-07-08,365333.519676828,256384
649,2024-07-09,355247.24400481326,256384
650,2024-07-10,317780.5656863706,256384
651,2024-07-11,313029.829233623,256384
652,2024-07-12,329809.89571166,256384
653,2024-07-13,322102.1323669143,256384
654,2024-07-14,317246.0685341753,256384
655,2024-07-15,352582.6184960749,256384
656,2024-07-16,288238.59367444704,256384
657,2024-07-17,37616.0231109678,256384
658,2024-07-18,2087934.311075596,222323
659,2024-07-19,926689.3883602867,222323
660,2024-07-20,584059.5754312936,222323
661,2024-07-21,536476.5173719922,222323
662,2024-07-22,394367.4994803617,222323
663,2024-07-23,374342.3888667346,222323
664,2024-07-24,325823.93614522874,222323
665,2024-07-25,288501.83106479835,222323
666,2024-07-26,313165.59077718743,222323
667,2024-07-27,276703.65134970983,222323
668,2024-07-28,259189.48634676498,222323
669,2024-07-29,238343.95370771422,222323
670,2024-07-30,237655.53730229818,222323
671,2024-07-31,273258.7304920919,222323
672,2024-08-01,724737.8227318741,222323
673,2024-08-02,350362.78731395473,222323
674,2024-08-03,311734.8201861372,222323
675,2024-08-04,299632.8856035043,222323
676,2024-08-05,260654.32290426877,222323
677,2024-08-06,190376.2341105412,222323
678,2024-08-07,1806454.6866859132,230214
679,2024-08-08,686238.2151019949,230214
680,2024-08-09,566046.0432133882,230214
681,2024-08-10,474880.99136832124,230214
682,2024-08-11,437613.19086511346,230214
683,2024-08-12,401754.4883820559,230214
684,2024-08-13,354952.09044738597,230214
685,2024-08-14,322194.30112332135,230214
686,2024-08-15,332609.95878182,230214
687,2024-08-16,816754.7973250777,230214
688,2024-08-17,492891.1189294765,230214
689,2024-08-18,395337.2585450662,230214
690,2024-08-19,313711.2917047739,230214
691,2024-08-20,289351.24790631764,230214
692,2024-08-21,263994.9628324686,230214
693,2024-08-22,267065.9588360443,230214
694,2024-08-23,285318.4153560789,230214
695,2024-08-24,277195.9076603087,230214
696,2024-08-25,308513.1859510351,230214
697,2024-08-26,357035.8203221941,230214
698,2024-08-27,195942.40940496058,230214
699,2024-08-28,64583.659256883526,230214
700,2024-08-29,2462926.952200506,317472
701,2024-08-30,2057841.2936498788,317472
702,2024-08-31,1651202.8977099273,317472
703,2024-09-01,2721628.685477987,317472
704,2024-09-02,1259099.0647870146,317472
705,2024-09-03,1111637.6338709735,317472
706,2024-09-04,874683.634573665,317472
707,2024-09-05,1213512.890826701,317472
708,2024-09-06,846491.2562169941,317472
709,2024-09-07,783238.3812937019,317472
710,2024-09-08,689995.7168539756,317472
711,2024-09-09,539604.4743790883,317472
712,2024-09-10,469916.3656089297,317472
713,2024-09-11,442759.1455118084,317472
714,2024-09-12,422002.65398623503,317472
715,2024-09-13,428889.5932554501,317472
716,2024-09-14,464495.90054074314,317472
717,2024-09-15,461464.1415775473,317472
718,2024-09-16,522795.7000342515,317472
719,2024-09-17,288004.5541307594,317472
720,2024-09-18,3322748.2785126376,309336
721,2024-09-19,1149099.6300394675,309336
722,2024-09-20,966781.1579209515,309336
723,2024-09-21,912906.3420192393,309336
724,2024-09-22,821560.1830319391,309336
725,2024-09-23,624092.2779942908,309336
726,2024-09-24,581850.8510741073,309336
727,2024-09-25,504070.40669577604,309336
728,2024-09-26,482076.5975338163,309336
729,2024-09-27,854671.5685385515,309336
730,2024-09-28,1080802.5666180106,309336
731,2024-09-29,1018204.6807409965,309336
732,2024-09-30,1034663.3628607618,309336
733,2024-10-01,1800736.6183246672,309336
734,2024-10-02,738194.1345337987,309336
735,2024-10-03,604953.5785349165,309336
736,2024-10-04,541749.9677265249,309336
737,2024-10-05,556770.0531342694,309336
738,2024-10-06,520134.73664667597,309336
739,2024-10-07,568804.1039193652,309336
740,2024-10-08,236978.837540608,309336
741,2024-10-09,67431.06605862833,309336
742,2024-10-10,2564909.6904727863,290609
743,2024-10-11,1727036.768242327,290609
744,2024-10-12,1448899.0717071635,290609
745,2024-10-13,1241147.0714152565,290609
746,2024-10-14,977490.3072528226,290609
747,2024-10-15,870697.5368179721,290609
748,2024-10-16,1187193.390373113,290609
749,2024-10-17,923985.5285449316,290609
750,2024-10-18,816294.9534415767,290609
751,2024-10-19,856326.09281945,290609
752,2024-10-20,763935.4231278998,290609
753,2024-10-21,577546.7944114283,290609
754,2024-10-22,509977.1391527971,290609
755,2024-10-23,520021.6026026251,290609
756,2024-10-24,555410.4349140857,290609
757,2024-10-25,582504.4279955595,290609
758,2024-10-26,643754.4142949136,290609
759,2024-10-27,660867.4471836004,290609
760,2024-10-28,563195.0583202635,290609
761,2024-10-29,355035.76127630356,290609
762,2024-10-30,1689518.7544596305,227041
763,2024-10-31,692280.1734904003,227041
764,2024-11-01,1368397.5172543197,227041
765,2024-11-02,721790.8413907428,227041
766,2024-11-03,588036.4509917247,227041
767,2024-11-04,476913.2868283442,227041
768,2024-11-05,416721.1400972337,227041
769,2024-11-06,397373.8233533978,227041
770,2024-11-07,317488.60709418124,227041
771,2024-11-08,512334.39824691793,227041
772,2024-11-09,361270.10987145815,227041
773,2024-11-10,298895.12045510585,227041
774,2024-11-11,270053.6993603678,227041
775,2024-11-12,249308.53230416076,227041
776,2024-11-13,246388.182606978,227041
777,2024-11-14,235663.91062448814,227041
778,2024-11-15,304940.60046848125,227041
779,2024-11-16,464975.1703070863,227041
780,2024-11-17,325213.8817504483,227041
781,2024-11-18,244147.46713810298,227041
782,2024-11-19,121571.42748546593,227041
783,2024-11-20,41160.90442096348,227041
784,2024-11-21,1474871.1708990731,267858
785,2024-11-22,1028901.7559901224,267858
786,2024-11-23,941795.8607643647,267858
787,2024-11-24,799224.8471772361,267858
788,2024-11-25,581060.6528086384,267858
789,2024-11-26,510745.87716480833,267858
790,2024-11-27,479849.9380379535,267858
791,2024-11-28,472035.24702122423,267858
792,2024-11-29,437280.80420485936,267858
793,2024-11-30,608876.0686463092,267858
794,2024-12-01,1125857.9994684407,267858
795,2024-12-02,559901.6791405744,267858
796,2024-12-03,451097.80588867917,267858
797,2024-12-04,539637.5573679529,267858
798,2024-12-05,506243.7080768221,267858
799,2024-12-06,508157.2607655167,267858
800,2024-12-07,549398.943736171,267858
801,2024-12-08,500018.1205235394,267858
802,2024-12-09,392119.5652711268,267858
803,2024-12-10,250439.9148780938,267858
804,2024-12-11,2862865.3186459388,234193
805,2024-12-12,931427.9856128282,234193
806,2024-12-13,778417.5327989473,234193
807,2024-12-14,758578.1970801388,234193
808,2024-12-15,644084.8819459789,234193
809,2024-12-16,791243.578557671,234193
810,2024-12-17,529247.345858749,234193
811,2024-12-18,522432.4492558523,234193
812,2024-12-19,432283.86428536195,234193
813,2024-12-20,656234.3554865996,234193
814,2024-12-21,522680.0170349075,234193
815,2024-12-22,461427.3397553758,234193
816,2024-12-23,352945.17377704295,234193
817,2024-12-24,323321.82377639465,234193
818,2024-12-25,337224.6198070366,234193
819,2024-12-26,314797.69209618523,234193
820,2024-12-27,305010.2864749063,234193
821,2024-12-28,301930.9502641921,234193
822,2024-12-29,300504.8920300453,234193
823,2024-12-30,308820.4563347493,234193
824,2024-12-31,163142.07938822973,234193
825,2025-01-01,86869.15973286849,234193
826,2025-01-02,5288654.433902965,334452
827,2025-01-03,3359791.3852997655,334452
828,2025-01-04,2663281.462506345,334452
829,2025-01-05,2291998.365067814,334452
830,2025-01-06,1920301.6110567604,334452
831,2025-01-07,1713094.766356683,334452
832,2025-01-08,1465660.4467312277,334452
833,2025-01-09,1370231.1289551759,334452
834,2025-01-10,1289648.3216183672,334452
835,2025-01-11,1335418.7946155397,334452
836,2025-01-12,1132501.4432220387,334452
837,2025-01-13,1051946.2129900649,334452
838,2025-01-14,990138.4000266921,334452
839,2025-01-15,926538.0752490577,334452
840,2025-01-16,1574860.7678579648,334452
841,2025-01-17,1101422.046073222,334452
842,2025-01-18,1120550.5287904497,334452
843,2025-01-19,1001705.7420001245,334452
844,2025-01-20,1097769.3331873764,334452
845,2025-01-21,734857.1405709714,334452
846,2025-01-22,1691553.7459480783,244466
847,2025-01-23,586360.5533407095,244466
848,2025-01-24,1030828.755644099,244466
849,2025-01-25,667569.4749822784,244466
850,2025-01-26,825524.7354866028,244466
851,2025-01-27,535239.2326289098,244466
852,2025-01-28,1019164.7346432756,244466
853,2025-01-29,525049.469572559,244466
854,2025-01-30,425075.93803649145,244466
855,2025-01-31,536592.7367723499,244466
856,2025-02-01,1436178.0342723718,244466
857,2025-02-02,777304.1599292739,244466
858,2025-02-03,631542.3793995305,244466
859,2025-02-04,624148.5312747763,244466
860,2025-02-05,618167.9007115555,244466
861,2025-02-06,379294.323867048,244466
862,2025-02-07,365872.0744445988,244466
863,2025-02-08,384992.3109179622,244466
864,2025-02-09,344568.98079872644,244466
865,2025-02-10,323847.09775562544,244466
866,2025-02-11,167843.8025405173,244466
867,2025-02-12,8190.0270326600585,244466
868,2025-02-13,238086.73083778794,121271
869,2025-02-14,201114.6066275996,121271
870,2025-02-15,202874.77477225667,121271
871,2025-02-16,284189.10071289784,121271
872,2025-02-17,188269.24609917897,121271
873,2025-02-18,161952.65565322855,121271
874,2025-02-19,132585.4890086455,121271
875,2025-02-20,116805.56010886419,121271
876,2025-02-21,112924.3105791485,121271
877,2025-02-22,118011.46863433304,121271
878,2025-02-23,107540.68807649119,121271
879,2025-02-24,96479.8430145007,121271
880,2025-02-25,97289.03341460749,121271
881,2025-02-26,93377.707781525,121271
882,2025-02-27,97672.86178138379,121271
883,2025-02-28,124278.7556978149,121271
884,2025-03-01,274526.07835976436,121271
885,2025-03-02,154887.63575282728,121271
886,2025-03-03,106393.49956235754,121271
887,2025-03-04,52047.41297394746,121271
888,2025-03-05,4070738.413500312,217924
889,2025-03-06,1018887.2009075196,217924
890,2025-03-07,887086.0937690444,217924
891,2025-03-08,764539.5642488633,217924
892,2025-03-09,728808.9337152645,217924
893,2025-03-10,549280.0790790878,217924
894,2025-03-11,470596.2670061291,217924
895,2025-03-12,473002.4571868856,217924
896,2025-03-13,452063.2289885904,217924
897,2025-03-14,738813.8287017515,217924
898,2025-03-15,604835.4080332948,217924
899,2025-03-16,885826.277073909,217924
900,2025-03-17,454449.5168518882,217924
901,2025-03-18,383935.6060957246,217924
902,2025-03-19,336418.82316308544,217924
903,2025-03-20,334806.73544893094,217924
904,2025-03-21,335095.319052082,217924
905,2025-03-22,367458.4774716693,217924
906,2025-03-23,360858.8690023654,217924
907,2025-03-24,314860.63289182476,217924
908,2025-03-25,180981.72381066153,217924
909,2025-03-26,64272.54400111621,217924
910,2025-03-27,1372162.5876829699,223035
911,2025-03-28,978622.5050133044,223035
912,2025-03-29,839688.9850198826,223035
913,2025-03-30,774796.2385667283,223035
914,2025-03-31,644462.5492806676,223035
915,2025-04-01,1537813.4680790463,223035
916,2025-04-02,662895.6525498318,223035
917,2025-04-03,507343.12651760963,223035
918,2025-04-04,463034.7934686335,223035
919,2025-04-05,476824.4570079897,223035
920,2025-04-06,433150.8776618844,223035
921,2025-04-07,366618.95190216874,223035
922,2025-04-08,350831.2568208214,223035
923,2025-04-09,312747.8379261355,223035
924,2025-04-10,346103.06304545957,223035
925,2025-04-11,361580.5943856314,223035
926,2025-04-12,341791.4263876067,223035
927,2025-04-13,363266.6589088821,223035
928,2025-04-14,305394.0720161715,223035
929,2025-04-15,215504.29195734765,223035
930,2025-04-16,1427019.527248289,173126
931,2025-04-17,478041.65513679857,173126
932,2025-04-18,380037.0341899086,173126
933,2025-04-19,328873.29526908725,173126
934,2025-04-20,301574.66026563855,173126
935,2025-04-21,276710.21085191803,173126
936,2025-04-22,253156.82938294747,173126
937,2025-04-23,267308.11170967226,173126
938,2025-04-24,226302.85728383707,173126
939,2025-04-25,381329.7655200467,173126
940,2025-04-26,278326.8890401995,173126
941,2025-04-27,220943.9816635127,173126
942,2025-04-28,189579.20236987778,173126
943,2025-04-29,182188.01863006916,173126
944,2025-04-30,344572.49347929895,173126
945,2025-05-01,711838.0755920273,173126
946,2025-05-02,304442.8124011814,173126
947,2025-05-03,250141.9843305095,173126
948,2025-05-04,218960.57118299347,173126
949,2025-05-05,184392.99653714872,173126
950,2025-05-06,92254.56421484533,173126
951,2025-05-07,46055.46370019278,173126
952,2025-05-08,1625529.8192769354,242473
953,2025-05-09,1103439.3124812448,242473
954,2025-05-10,912760.3144086717,242473
955,2025-05-11,801984.9358958708,242473
956,2025-05-12,586124.7303228349,242473
957,2025-05-13,698170.6537781359,242473
958,2025-05-14,527679.6629678287,242473
959,2025-05-15,483928.6341090659,242473
960,2025-05-16,831948.2759079261,242473
961,2025-05-17,574131.1171522636,242473
962,2025-05-18,489292.2375145388,242473
963,2025-05-19,416500.77262475505,242473
964,2025-05-20,391660.9982114462,242473
965,2025-05-21,354680.69093551807,242473
966,2025-05-22,337002.73418669286,242473
967,2025-05-23,387301.0011530622,242473
968,2025-05-24,372927.7028295998,242473
969,2025-05-25,405672.1705333818,242473
970,2025-05-26,375094.2509644493,242473
971,2025-05-27,273206.4791748376,242473
972,2025-05-28,416979.2148790697,122135
973,2025-05-29,188275.9810107428,122135
974,2025-05-30,163658.0108840391,122135
975,2025-05-31,186731.267254531,122135
976,2025-06-01,454642.3124303549,122135
977,2025-06-02,193139.2614043406,122135
978,2025-06-03,147055.9594564499,122135
979,2025-06-04,127725.30879367662,122135
980,2025-06-05,145724.58212692718,122135
981,2025-06-06,186413.8963975429,122135
982,2025-06-07,150877.57865553483,122135
983,2025-06-08,121848.02192754425,122135
984,2025-06-09,107869.21841331724,122135
985,2025-06-10,96961.40593019502,122135
986,2025-06-11,96558.43712422672,122135
987,2025-06-12,89563.10935526075,122135
988,2025-06-13,93932.55542781894,122135
989,2025-06-14,91161.8156639062,122135
990,2025-06-15,97033.83496394749,122135
991,2025-06-16,142498.19789613524,122135
992,2025-06-17,57230.78868815746,122135
993,2025-06-18,38212.24131628121,122135
994,2025-06-19,1963692.423139043,262373
995,2025-06-20,1482266.4741957656,262373
996,2025-06-21,1148508.9378700652,262373
997,2025-06-22,963585.7888358966,262373
998,2025-06-23,915418.2242790913,262373
999,2025-06-24,714690.3645340956,262373
1000,2025-06-25,1115735.7130494548,262373
1001,2025-06-26,767969.1104363174,262373
1002,2025-06-27,671151.9582731391,262373
1003,2025-06-28,598064.6705636807,262373
1004,2025-06-29,551152.10295575,262373
1005,2025-06-30,648698.8035182741,262373
1006,2025-07-01,1605405.993160339,262373
1007,2025-07-02,634183.8301562906,262373
1008,2025-07-03,540467.2586903317,262373
1009,2025-07-04,497971.0644284404,262373
1010,2025-07-05,479074.4581203861,262373
1011,2025-07-06,476208.3751229563,262373
1012,2025-07-07,463117.75815969537,262373
1013,2025-07-08,320560.52688753477,262373
1014,2025-07-09,951394.1490741809,176129
1015,2025-07-10,377253.02392819553,176129
1016,2025-07-11,307991.0167131898,176129
1017,2025-07-12,277928.1620553031,176129
1018,2025-07-13,270457.2009261846,176129
1019,2025-07-14,324122.2715018745,176129
1020,2025-07-15,294851.40110599634,176129
1021,2025-07-16,557959.6932722076,176129
1022,2025-07-17,303220.12521704915,176129
1023,2025-07-18,442111.65289193107,176129
1024,2025-07-19,314899.18080680555,176129
1025,2025-07-20,263833.8256939075,176129
1026,2025-07-21,247973.79839221208,176129
1027,2025-07-22,252718.9232770887,176129
1028,2025-07-23,242240.04931725963,176129
1029,2025-07-24,231770.66831947523,176129
1030,2025-07-25,236041.14510212073,176129
1031,2025-07-26,215117.30061833624,176129
1032,2025-07-27,219429.8176614651,176129
1033,2025-07-28,206884.19025077805,176129
1034,2025-07-29,105123.70554472228,176129
1035,2025-07-30,35861.69832971652,176129
1036,2025-07-31,974836.8047843104,183336
1037,2025-08-01,1448708.0900378323,183336
1038,2025-08-02,703413.4041013845,183336
1039,2025-08-03,655939.2757411968,183336
1040,2025-08-04,466865.97082166123,183336
1041,2025-08-05,473015.9087261502,183336
1042,2025-08-06,592262.7075522784,183336
1043,2025-08-07,434807.6283214423,183336
1044,2025-08-08,371764.1849809888,183336
1045,2025-08-09,345158.3195244787,183336
1046,2025-08-10,331546.8663735305,183336
1047,2025-08-11,299093.73470683215,183336
1048,2025-08-12,281228.79383259383,183336
1049,2025-08-13,251078.59897035823,183336
1050,2025-08-14,271942.47532774135,183336
1051,2025-08-15,283755.44449806155,183336
1052,2025-08-16,471151.626551109,183336
1053,2025-08-17,367446.3612453835,183336
1054,2025-08-18,325396.92846904154,183336
1055,2025-08-19,197529.10399268343,183336
1056,2025-08-20,636440.7906268163,112654
1057,2025-08-21,266263.7777613644,112654
1058,2025-08-22,218454.12849161238,112654
1059,2025-08-23,197931.3823892824,112654
1060,2025-08-24,193230.27302949017,112654
1061,2025-08-25,169273.60287460499,112654
1062,2025-08-26,161223.4075859089,112654
1063,2025-08-27,132472.71012627997,112654
1064,2025-08-28,125528.10371881828,112654
1065,2025-08-29,210810.6175416895,112654
1066,2025-08-30,181268.09759464784,112654
1067,2025-08-31,168666.2696402119,112654
1068,2025-09-01,354945.2030778236,112654
1069,2025-09-02,155877.2591589896,112654
1070,2025-09-03,124654.13638152089,112654
1071,2025-09-04,112081.93443851877,112654
1072,2025-09-05,109313.24900634092,112654
1073,2025-09-06,113594.20765852641,112654
1074,2025-09-07,104360.31854936128,112654
1075,2025-09-08,91093.25197454797,112654
1076,2025-09-09,47905.26048847024,112654
1077,2025-09-10,26320.017885173183,112654
1078,2025-09-11,1140064.1815403434,147606
1079,2025-09-12,846061.7034350723,147606
1080,2025-09-13,746097.3836622663,147606
1081,2025-09-14,653473.015455666,147606
1082,2025-09-15,474989.7338846423,147606
1083,2025-09-16,608775.6584927681,147606
1084,2025-09-17,534739.2829754568,147606
1085,2025-09-18,395053.42819490714,147606
1086,2025-09-19,336188.3016923998,147606
1087,2025-09-20,331762.4091671543,147606
1088,2025-09-21,309927.75407036237,147606
1089,2025-09-22,240740.5844538964,147606
1090,2025-09-23,233355.27788316223,147606
1091,2025-09-24,198339.32459525697,147606
1092,2025-09-25,190823.6223865032,147606
1093,2025-09-26,183967.4575352689,147606
1094,2025-09-27,222997.32872395185,147606
1095,2025-09-28,337428.0051495138,147606
1096,2025-09-29,305823.1261605275,147606
1097,2025-09-30,195829.6810113432,147606
1098,2025-10-01,3042008.688957479,122449
1099,2025-10-02,828208.9248625321,122449
1100,2025-10-03,747175.0841716413,122449
1101,2025-10-04,560107.0535087229,122449
1102,2025-10-05,571707.7300990806,122449
1103,2025-10-06,385459.2625217475,122449
1104,2025-10-07,551578.819696613,122449
1105,2025-10-08,321606.84526184737,122449
1106,2025-10-09,246706.86461508996,122449
1107,2025-10-10,325212.1878042649,122449
1108,2025-10-11,257170.07584675425,122449
1109,2025-10-12,208237.0143982139,122449
1110,2025-10-13,164528.208223931,122449
1111,2025-10-14,145231.7240048044,122449
1112,2025-10-15,137094.89588155018,122449
1113,2025-10-16,195248.96083562117,122449
1114,2025-10-17,136260.63211281545,122449
1115,2025-10-18,118263.32076702686,122449
1116,2025-10-19,113623.41764796253,122449
1117,2025-10-20,97494.9306475555,122449
1118,2025-10-21,38747.32561132304,122449
1119,2025-10-22,18453.032523423408,122449
